[{
  "_id": {
    "$oid": "5fe7a85462ade20b50af77d1"
  },
  "year": "20",
  "mouth": "12",
  "day": "27",
  "hour": "00",
  "minute": "47",
  "second": "08",
  "content": "action # exit # from MixTape",
  "owner": "MixTape",
  "workspace": "ws_autoMixTape"
},{
  "_id": {
    "$oid": "5fe7ab5962ade20b50af77d5"
  },
  "year": "20",
  "mouth": "12",
  "day": "27",
  "hour": "01",
  "minute": "00",
  "second": "01",
  "content": "action # exit # from MixTape",
  "owner": "MixTape",
  "workspace": "ws_autoMixTape"
},{
  "_id": {
    "$oid": "5fe7ac8f62ade20b50af77d8"
  },
  "year": "20",
  "mouth": "12",
  "day": "27",
  "hour": "01",
  "minute": "05",
  "second": "11",
  "content": "action # exit # from MixTape",
  "owner": "MixTape",
  "workspace": "ws_autoMixTape"
},{
  "_id": {
    "$oid": "5fe7ae1462ade20b50af77db"
  },
  "year": "20",
  "mouth": "12",
  "day": "27",
  "hour": "01",
  "minute": "11",
  "second": "40",
  "content": "action # exit # from MixTape",
  "owner": "MixTape",
  "workspace": "ws_autoMixTape"
},{
  "_id": {
    "$oid": "5fe7ae6e62ade20b50af77de"
  },
  "year": "20",
  "mouth": "12",
  "day": "27",
  "hour": "01",
  "minute": "13",
  "second": "10",
  "content": "action # exit # from MixTape",
  "owner": "MixTape",
  "workspace": "ws_autoMixTape"
},{
  "_id": {
    "$oid": "5fe7b108c00c98dfa15626ad"
  },
  "year": "20",
  "mouth": "12",
  "day": "27",
  "hour": "01",
  "minute": "24",
  "second": "16",
  "content": "action # exit # from MixTape",
  "owner": "MixTape",
  "workspace": "ws_autoMixTape"
},{
  "_id": {
    "$oid": "5fe7b3d5c00c98dfa15626b1"
  },
  "year": "20",
  "mouth": "12",
  "day": "27",
  "hour": "01",
  "minute": "36",
  "second": "13",
  "content": "action # exit # from MixTape",
  "owner": "MixTape",
  "workspace": "ws_autoMixTape"
},{
  "_id": {
    "$oid": "5fe7b444c00c98dfa15626b4"
  },
  "year": "20",
  "mouth": "12",
  "day": "27",
  "hour": "01",
  "minute": "38",
  "second": "04",
  "content": "action # exit # from MixTape",
  "owner": "MixTape",
  "workspace": "ws_autoMixTape"
},{
  "_id": {
    "$oid": "5fe865fbc3381505c906697e"
  },
  "year": "20",
  "mouth": "12",
  "day": "27",
  "hour": "14",
  "minute": "16",
  "second": "19",
  "content": "action # exit # from MixTape",
  "owner": "MixTape",
  "workspace": "ws_autoMixTape"
},{
  "_id": {
    "$oid": "5fe8733c1560752a67ddc34f"
  },
  "year": "20",
  "mouth": "12",
  "day": "27",
  "hour": "15",
  "minute": "12",
  "second": "52",
  "content": "action # exit # from MixTape",
  "owner": "MixTape",
  "workspace": "ws_autoMixTape"
},{
  "_id": {
    "$oid": "5fe873e31560752a67ddc352"
  },
  "year": "20",
  "mouth": "12",
  "day": "27",
  "hour": "15",
  "minute": "15",
  "second": "39",
  "content": "action # exit # from MixTape",
  "owner": "MixTape",
  "workspace": "ws_autoMixTape"
},{
  "_id": {
    "$oid": "5feb7cc40061615a65faafb7"
  },
  "year": "20",
  "mouth": "12",
  "day": "29",
  "hour": "22",
  "minute": "30",
  "second": "20",
  "content": "action # show login-log year 20 # from MixTape",
  "owner": "MixTape",
  "workspace": "ws_autoMixTape"
},{
  "_id": {
    "$oid": "5feb7cca0061615a65faafb8"
  },
  "year": "20",
  "mouth": "12",
  "day": "29",
  "hour": "22",
  "minute": "30",
  "second": "26",
  "content": "action # show action-log year 20 # from MixTape",
  "owner": "MixTape",
  "workspace": "ws_autoMixTape"
},{
  "_id": {
    "$oid": "5feb83ae5e29e01da4dd2ec5"
  },
  "year": "20",
  "mouth": "12",
  "day": "29",
  "hour": "22",
  "minute": "59",
  "second": "50",
  "content": "action # show login-log year 20 # from MixTape",
  "owner": "MixTape",
  "workspace": "ws_autoMixTape"
},{
  "_id": {
    "$oid": "5feb9002831745e628397d05"
  },
  "year": "20",
  "mouth": "12",
  "day": "29",
  "hour": "23",
  "minute": "52",
  "second": "26",
  "content": "action # show login-log year 20 # from MixTape",
  "owner": "MixTape",
  "workspace": "ws_autoMixTape"
},{
  "_id": {
    "$oid": "5feb9344ddc0b96082adce1f"
  },
  "year": "20",
  "mouth": "12",
  "day": "30",
  "hour": "00",
  "minute": "06",
  "second": "20",
  "content": "action # show all-script # from M",
  "owner": "M",
  "workspace": "ws_autoM"
},{
  "_id": {
    "$oid": "5feb9379ffd774b70c50db3d"
  },
  "year": "20",
  "mouth": "12",
  "day": "30",
  "hour": "00",
  "minute": "07",
  "second": "13",
  "content": "action # show all-script # from MixTape",
  "owner": "MixTape",
  "workspace": "ws_autoMixTape"
},{
  "_id": {
    "$oid": "5feb937dffd774b70c50db3e"
  },
  "year": "20",
  "mouth": "12",
  "day": "30",
  "hour": "00",
  "minute": "07",
  "second": "17",
  "content": "action # show login-log year 20 # from MixTape",
  "owner": "MixTape",
  "workspace": "ws_autoMixTape"
},{
  "_id": {
    "$oid": "5feb95dc6faf939afe74cb1f"
  },
  "year": "20",
  "mouth": "12",
  "day": "30",
  "hour": "00",
  "minute": "17",
  "second": "24",
  "content": "action # show all-script # from MixTape",
  "owner": "MixTape",
  "workspace": "ws_autoMixTape"
},{
  "_id": {
    "$oid": "5feb96156faf939afe74cb21"
  },
  "year": "20",
  "mouth": "12",
  "day": "30",
  "hour": "00",
  "minute": "18",
  "second": "21",
  "content": "action # show all-script # from MixTape",
  "owner": "MixTape",
  "workspace": "ws_autoMixTape"
},{
  "_id": {
    "$oid": "5fec4cdbade25e4f33a57ca3"
  },
  "year": "20",
  "mouth": "12",
  "day": "30",
  "hour": "13",
  "minute": "18",
  "second": "11",
  "content": "action # edit script set-hostname.py # from MixTape",
  "owner": "MixTape",
  "workspace": "ws_autoMixTape"
},{
  "_id": {
    "$oid": "5fec4ef2ade25e4f33a57ca5"
  },
  "year": "20",
  "mouth": "12",
  "day": "30",
  "hour": "13",
  "minute": "27",
  "second": "06",
  "content": "action # show all-script # from MixTape",
  "owner": "MixTape",
  "workspace": "ws_autoMixTape"
},{
  "_id": {
    "$oid": "5fec4f14ade25e4f33a57ca7"
  },
  "year": "20",
  "mouth": "12",
  "day": "30",
  "hour": "13",
  "minute": "27",
  "second": "40",
  "content": "action # show all-script # from MixTape",
  "owner": "MixTape",
  "workspace": "ws_autoMixTape"
},{
  "_id": {
    "$oid": "5fec4f18ade25e4f33a57ca8"
  },
  "year": "20",
  "mouth": "12",
  "day": "30",
  "hour": "13",
  "minute": "27",
  "second": "44",
  "content": "action # edit script put-interface.py # from MixTape",
  "owner": "MixTape",
  "workspace": "ws_autoMixTape"
},{
  "_id": {
    "$oid": "5fec52ad737fe33928cc7725"
  },
  "year": "20",
  "mouth": "12",
  "day": "30",
  "hour": "13",
  "minute": "43",
  "second": "01",
  "content": "action # show all-script # from MixTape",
  "owner": "MixTape",
  "workspace": "ws_autoMixTape"
},{
  "_id": {
    "$oid": "5fec52b1737fe33928cc7726"
  },
  "year": "20",
  "mouth": "12",
  "day": "30",
  "hour": "13",
  "minute": "43",
  "second": "05",
  "content": "action # edit script put-interface.py # from MixTape",
  "owner": "MixTape",
  "workspace": "ws_autoMixTape"
},{
  "_id": {
    "$oid": "5fec55bcb970532ff82c78b3"
  },
  "year": "20",
  "mouth": "12",
  "day": "30",
  "hour": "13",
  "minute": "56",
  "second": "04",
  "content": "action # show all-script # from MixTape",
  "owner": "MixTape",
  "workspace": "ws_autoMixTape"
},{
  "_id": {
    "$oid": "5fec55c3b970532ff82c78b4"
  },
  "year": "20",
  "mouth": "12",
  "day": "30",
  "hour": "13",
  "minute": "56",
  "second": "11",
  "content": "action # edit script set-hostname.py # from MixTape",
  "owner": "MixTape",
  "workspace": "ws_autoMixTape"
},{
  "_id": {
    "$oid": "5fec56b17947ef2230059c15"
  },
  "year": "20",
  "mouth": "12",
  "day": "30",
  "hour": "14",
  "minute": "00",
  "second": "09",
  "content": "action # show all-script # from MixTape",
  "owner": "MixTape",
  "workspace": "ws_autoMixTape"
},{
  "_id": {
    "$oid": "5fec56b47947ef2230059c16"
  },
  "year": "20",
  "mouth": "12",
  "day": "30",
  "hour": "14",
  "minute": "00",
  "second": "12",
  "content": "action # edit script put-interface.py # from MixTape",
  "owner": "MixTape",
  "workspace": "ws_autoMixTape"
},{
  "_id": {
    "$oid": "5fec5732dcf3846dbe46215d"
  },
  "year": "20",
  "mouth": "12",
  "day": "30",
  "hour": "14",
  "minute": "02",
  "second": "18",
  "content": "action # show all-script # from MixTape",
  "owner": "MixTape",
  "workspace": "ws_autoMixTape"
},{
  "_id": {
    "$oid": "5fec578cef89695024521bc9"
  },
  "year": "20",
  "mouth": "12",
  "day": "30",
  "hour": "14",
  "minute": "03",
  "second": "48",
  "content": "action # show all-script # from MixTape",
  "owner": "MixTape",
  "workspace": "ws_autoMixTape"
},{
  "_id": {
    "$oid": "5fec5791ef89695024521bca"
  },
  "year": "20",
  "mouth": "12",
  "day": "30",
  "hour": "14",
  "minute": "03",
  "second": "53",
  "content": "action # edit script put-interface.py # from MixTape",
  "owner": "MixTape",
  "workspace": "ws_autoMixTape"
},{
  "_id": {
    "$oid": "5fec584ffe65c65a713904f9"
  },
  "year": "20",
  "mouth": "12",
  "day": "30",
  "hour": "14",
  "minute": "07",
  "second": "03",
  "content": "action # show all-script # from MixTape",
  "owner": "MixTape",
  "workspace": "ws_autoMixTape"
},{
  "_id": {
    "$oid": "5fec5869fe65c65a713904fa"
  },
  "year": "20",
  "mouth": "12",
  "day": "30",
  "hour": "14",
  "minute": "07",
  "second": "29",
  "content": "action # edit script put-interface.py # from MixTape",
  "owner": "MixTape",
  "workspace": "ws_autoMixTape"
},{
  "_id": {
    "$oid": "5fec5964bce041f982c72c86"
  },
  "year": "20",
  "mouth": "12",
  "day": "30",
  "hour": "14",
  "minute": "11",
  "second": "40",
  "content": "action # show all-script # from MixTape",
  "owner": "MixTape",
  "workspace": "ws_autoMixTape"
},{
  "_id": {
    "$oid": "5fec59bbbce041f982c72c87"
  },
  "year": "20",
  "mouth": "12",
  "day": "30",
  "hour": "14",
  "minute": "13",
  "second": "07",
  "content": "action # edit script put-interface.py # from MixTape",
  "owner": "MixTape",
  "workspace": "ws_autoMixTape"
},{
  "_id": {
    "$oid": "5fec5b7ffb1729e2a4456435"
  },
  "year": "20",
  "mouth": "12",
  "day": "30",
  "hour": "14",
  "minute": "20",
  "second": "39",
  "content": "action # show all-script # from MixTape",
  "owner": "MixTape",
  "workspace": "ws_autoMixTape"
},{
  "_id": {
    "$oid": "5fec5bf1205834f3b5922c0d"
  },
  "year": "20",
  "mouth": "12",
  "day": "30",
  "hour": "14",
  "minute": "22",
  "second": "33",
  "content": "action # show all-script # from MixTape",
  "owner": "MixTape",
  "workspace": "ws_autoMixTape"
},{
  "_id": {
    "$oid": "5fec5ca7b86d0783e12df789"
  },
  "year": "20",
  "mouth": "12",
  "day": "30",
  "hour": "14",
  "minute": "25",
  "second": "35",
  "content": "action # show all-script # from MixTape",
  "owner": "MixTape",
  "workspace": "ws_autoMixTape"
},{
  "_id": {
    "$oid": "5fec5cb5b86d0783e12df78a"
  },
  "year": "20",
  "mouth": "12",
  "day": "30",
  "hour": "14",
  "minute": "25",
  "second": "49",
  "content": "action # show login-log year 20 # from MixTape",
  "owner": "MixTape",
  "workspace": "ws_autoMixTape"
},{
  "_id": {
    "$oid": "5fec5d5233c57656c5ed3873"
  },
  "year": "20",
  "mouth": "12",
  "day": "30",
  "hour": "14",
  "minute": "28",
  "second": "26",
  "content": "action # show all-script # from MixTape",
  "owner": "MixTape",
  "workspace": "ws_autoMixTape"
},{
  "_id": {
    "$oid": "5fec5d5833c57656c5ed3874"
  },
  "year": "20",
  "mouth": "12",
  "day": "30",
  "hour": "14",
  "minute": "28",
  "second": "32",
  "content": "action # show login-log year 20 # from MixTape",
  "owner": "MixTape",
  "workspace": "ws_autoMixTape"
},{
  "_id": {
    "$oid": "5fec5dbaee0f34c78843c93a"
  },
  "year": "20",
  "mouth": "12",
  "day": "30",
  "hour": "14",
  "minute": "30",
  "second": "10",
  "content": "action # show all-script # from MixTape",
  "owner": "MixTape",
  "workspace": "ws_autoMixTape"
},{
  "_id": {
    "$oid": "5fec5dbeee0f34c78843c93b"
  },
  "year": "20",
  "mouth": "12",
  "day": "30",
  "hour": "14",
  "minute": "30",
  "second": "14",
  "content": "action # show login-log year 20 # from MixTape",
  "owner": "MixTape",
  "workspace": "ws_autoMixTape"
},{
  "_id": {
    "$oid": "5fec5dc2ee0f34c78843c93c"
  },
  "year": "20",
  "mouth": "12",
  "day": "30",
  "hour": "14",
  "minute": "30",
  "second": "18",
  "content": "action # edit script set-hostname.py # from MixTape",
  "owner": "MixTape",
  "workspace": "ws_autoMixTape"
},{
  "_id": {
    "$oid": "5fec5e1a457d8dfed7270d6d"
  },
  "year": "20",
  "mouth": "12",
  "day": "30",
  "hour": "14",
  "minute": "31",
  "second": "46",
  "content": "action # show all-script # from MixTape",
  "owner": "MixTape",
  "workspace": "ws_autoMixTape"
},{
  "_id": {
    "$oid": "5fec5e1e457d8dfed7270d6e"
  },
  "year": "20",
  "mouth": "12",
  "day": "30",
  "hour": "14",
  "minute": "31",
  "second": "50",
  "content": "action # edit script set-hostname.py # from MixTape",
  "owner": "MixTape",
  "workspace": "ws_autoMixTape"
},{
  "_id": {
    "$oid": "5fec5ef944af9b6df7ac213e"
  },
  "year": "20",
  "mouth": "12",
  "day": "30",
  "hour": "14",
  "minute": "35",
  "second": "29",
  "content": "action # show all-script # from MixTape",
  "owner": "MixTape",
  "workspace": "ws_autoMixTape"
},{
  "_id": {
    "$oid": "5fec5efe44af9b6df7ac213f"
  },
  "year": "20",
  "mouth": "12",
  "day": "30",
  "hour": "14",
  "minute": "35",
  "second": "34",
  "content": "action # edit script set-hostname.py # from MixTape",
  "owner": "MixTape",
  "workspace": "ws_autoMixTape"
},{
  "_id": {
    "$oid": "5fec5fa974f4ef67b245e0da"
  },
  "year": "20",
  "mouth": "12",
  "day": "30",
  "hour": "14",
  "minute": "38",
  "second": "25",
  "content": "action # show all-script # from MixTape",
  "owner": "MixTape",
  "workspace": "ws_autoMixTape"
},{
  "_id": {
    "$oid": "5fec5fac74f4ef67b245e0db"
  },
  "year": "20",
  "mouth": "12",
  "day": "30",
  "hour": "14",
  "minute": "38",
  "second": "28",
  "content": "action # edit script put-interface.py # from MixTape",
  "owner": "MixTape",
  "workspace": "ws_autoMixTape"
},{
  "_id": {
    "$oid": "5fec5fe8caed79dede5fde56"
  },
  "year": "20",
  "mouth": "12",
  "day": "30",
  "hour": "14",
  "minute": "39",
  "second": "28",
  "content": "action # show all-script # from MixTape",
  "owner": "MixTape",
  "workspace": "ws_autoMixTape"
},{
  "_id": {
    "$oid": "5fec5feccaed79dede5fde57"
  },
  "year": "20",
  "mouth": "12",
  "day": "30",
  "hour": "14",
  "minute": "39",
  "second": "32",
  "content": "action # edit script put-interface.py # from MixTape",
  "owner": "MixTape",
  "workspace": "ws_autoMixTape"
},{
  "_id": {
    "$oid": "5fec638bb4eb769ba2c1c063"
  },
  "year": "20",
  "mouth": "12",
  "day": "30",
  "hour": "14",
  "minute": "54",
  "second": "59",
  "content": "action # show all-script # from MixTape",
  "owner": "MixTape",
  "workspace": "ws_autoMixTape"
},{
  "_id": {
    "$oid": "5fec638fb4eb769ba2c1c064"
  },
  "year": "20",
  "mouth": "12",
  "day": "30",
  "hour": "14",
  "minute": "55",
  "second": "03",
  "content": "action # edit script update put-interface.py # from MixTape",
  "owner": "MixTape",
  "workspace": "ws_autoMixTape"
},{
  "_id": {
    "$oid": "5fec6390b4eb769ba2c1c065"
  },
  "year": "20",
  "mouth": "12",
  "day": "30",
  "hour": "14",
  "minute": "55",
  "second": "04",
  "content": "action # edit script update put-interface.py # from MixTape",
  "owner": "MixTape",
  "workspace": "ws_autoMixTape"
},{
  "_id": {
    "$oid": "5fec6395b4eb769ba2c1c066"
  },
  "year": "20",
  "mouth": "12",
  "day": "30",
  "hour": "14",
  "minute": "55",
  "second": "09",
  "content": "action # edit script put-interface.py # from MixTape",
  "owner": "MixTape",
  "workspace": "ws_autoMixTape"
},{
  "_id": {
    "$oid": "5fec6399b4eb769ba2c1c067"
  },
  "year": "20",
  "mouth": "12",
  "day": "30",
  "hour": "14",
  "minute": "55",
  "second": "13",
  "content": "action # edit script put-interface.py # from MixTape",
  "owner": "MixTape",
  "workspace": "ws_autoMixTape"
},{
  "_id": {
    "$oid": "5fec63a0b4eb769ba2c1c068"
  },
  "year": "20",
  "mouth": "12",
  "day": "30",
  "hour": "14",
  "minute": "55",
  "second": "20",
  "content": "action # edit script update put-interface.py # from MixTape",
  "owner": "MixTape",
  "workspace": "ws_autoMixTape"
},{
  "_id": {
    "$oid": "5fec63a3b4eb769ba2c1c069"
  },
  "year": "20",
  "mouth": "12",
  "day": "30",
  "hour": "14",
  "minute": "55",
  "second": "23",
  "content": "action # edit script set-hostname.py # from MixTape",
  "owner": "MixTape",
  "workspace": "ws_autoMixTape"
},{
  "_id": {
    "$oid": "5fec6467b4eb769ba2c1c06a"
  },
  "year": "20",
  "mouth": "12",
  "day": "30",
  "hour": "14",
  "minute": "58",
  "second": "39",
  "content": "action # edit script update set-hostname.py # from MixTape",
  "owner": "MixTape",
  "workspace": "ws_autoMixTape"
},{
  "_id": {
    "$oid": "5fec64a2b4eb769ba2c1c06b"
  },
  "year": "20",
  "mouth": "12",
  "day": "30",
  "hour": "14",
  "minute": "59",
  "second": "38",
  "content": "action # edit script put-interface.py # from MixTape",
  "owner": "MixTape",
  "workspace": "ws_autoMixTape"
},{
  "_id": {
    "$oid": "5fec64a9b4eb769ba2c1c06c"
  },
  "year": "20",
  "mouth": "12",
  "day": "30",
  "hour": "14",
  "minute": "59",
  "second": "45",
  "content": "action # edit script update put-interface.py # from MixTape",
  "owner": "MixTape",
  "workspace": "ws_autoMixTape"
},{
  "_id": {
    "$oid": "5fec656fb4eb769ba2c1c06d"
  },
  "year": "20",
  "mouth": "12",
  "day": "30",
  "hour": "15",
  "minute": "03",
  "second": "03",
  "content": "action # show action-log owner MixTape # from MixTape",
  "owner": "MixTape",
  "workspace": "ws_autoMixTape"
},{
  "_id": {
    "$oid": "5fec659eb4eb769ba2c1c06e"
  },
  "year": "20",
  "mouth": "12",
  "day": "30",
  "hour": "15",
  "minute": "03",
  "second": "50",
  "content": "action # edit script set-hostname.py # from MixTape",
  "owner": "MixTape",
  "workspace": "ws_autoMixTape"
},{
  "_id": {
    "$oid": "5fec65a6b4eb769ba2c1c06f"
  },
  "year": "20",
  "mouth": "12",
  "day": "30",
  "hour": "15",
  "minute": "03",
  "second": "58",
  "content": "action # edit script update set-hostname.py # from MixTape",
  "owner": "MixTape",
  "workspace": "ws_autoMixTape"
},{
  "_id": {
    "$oid": "5fec77537ed98bef52b96f62"
  },
  "year": "20",
  "mouth": "12",
  "day": "30",
  "hour": "16",
  "minute": "19",
  "second": "23",
  "content": "action # show all-script # from MixTape",
  "owner": "MixTape",
  "workspace": "ws_autoMixTape"
},{
  "_id": {
    "$oid": "5fec778b7ed98bef52b96f64"
  },
  "year": "20",
  "mouth": "12",
  "day": "30",
  "hour": "16",
  "minute": "20",
  "second": "19",
  "content": "action # show all-script # from MixTape",
  "owner": "MixTape",
  "workspace": "ws_autoMixTape"
},{
  "_id": {
    "$oid": "5fec77ba7ed98bef52b96f66"
  },
  "year": "20",
  "mouth": "12",
  "day": "30",
  "hour": "16",
  "minute": "21",
  "second": "06",
  "content": "action # show all-script # from MixTape",
  "owner": "MixTape",
  "workspace": "ws_autoMixTape"
},{
  "_id": {
    "$oid": "5fec77bd7ed98bef52b96f67"
  },
  "year": "20",
  "mouth": "12",
  "day": "30",
  "hour": "16",
  "minute": "21",
  "second": "09",
  "content": "action # show login-log year 20 # from MixTape",
  "owner": "MixTape",
  "workspace": "ws_autoMixTape"
},{
  "_id": {
    "$oid": "5fec77cd7ed98bef52b96f69"
  },
  "year": "20",
  "mouth": "12",
  "day": "30",
  "hour": "16",
  "minute": "21",
  "second": "25",
  "content": "action # show all-script # from MixTape",
  "owner": "MixTape",
  "workspace": "ws_autoMixTape"
},{
  "_id": {
    "$oid": "5fec77d07ed98bef52b96f6a"
  },
  "year": "20",
  "mouth": "12",
  "day": "30",
  "hour": "16",
  "minute": "21",
  "second": "28",
  "content": "action # show login-log year 20 # from MixTape",
  "owner": "MixTape",
  "workspace": "ws_autoMixTape"
},{
  "_id": {
    "$oid": "5fec78677ed98bef52b96f6c"
  },
  "year": "20",
  "mouth": "12",
  "day": "30",
  "hour": "16",
  "minute": "23",
  "second": "59",
  "content": "action # show all-script # from MixTape",
  "owner": "MixTape",
  "workspace": "ws_autoMixTape"
},{
  "_id": {
    "$oid": "5fec78707ed98bef52b96f6d"
  },
  "year": "20",
  "mouth": "12",
  "day": "30",
  "hour": "16",
  "minute": "24",
  "second": "08",
  "content": "action # show action-log year 20 # from MixTape",
  "owner": "MixTape",
  "workspace": "ws_autoMixTape"
},{
  "_id": {
    "$oid": "5fec78827ed98bef52b96f6f"
  },
  "year": "20",
  "mouth": "12",
  "day": "30",
  "hour": "16",
  "minute": "24",
  "second": "26",
  "content": "action # show all-script # from MixTape",
  "owner": "MixTape",
  "workspace": "ws_autoMixTape"
},{
  "_id": {
    "$oid": "5fec78877ed98bef52b96f70"
  },
  "year": "20",
  "mouth": "12",
  "day": "30",
  "hour": "16",
  "minute": "24",
  "second": "31",
  "content": "action # show action-log year 20 # from MixTape",
  "owner": "MixTape",
  "workspace": "ws_autoMixTape"
},{
  "_id": {
    "$oid": "5fec7a7e7ed98bef52b96f72"
  },
  "year": "20",
  "mouth": "12",
  "day": "30",
  "hour": "16",
  "minute": "32",
  "second": "54",
  "content": "action # show all-script # from MixTape",
  "owner": "MixTape",
  "workspace": "ws_autoMixTape"
},{
  "_id": {
    "$oid": "5fec7cc67ed98bef52b96f74"
  },
  "year": "20",
  "mouth": "12",
  "day": "30",
  "hour": "16",
  "minute": "42",
  "second": "38",
  "content": "action # show all-script # from MixTape",
  "owner": "MixTape",
  "workspace": "ws_autoMixTape"
},{
  "_id": {
    "$oid": "5fec7cc97ed98bef52b96f75"
  },
  "year": "20",
  "mouth": "12",
  "day": "30",
  "hour": "16",
  "minute": "42",
  "second": "41",
  "content": "action # edit script put-interface.py # from MixTape",
  "owner": "MixTape",
  "workspace": "ws_autoMixTape"
},{
  "_id": {
    "$oid": "5fec812f7ed98bef52b96f77"
  },
  "year": "20",
  "mouth": "12",
  "day": "30",
  "hour": "17",
  "minute": "01",
  "second": "27",
  "content": "action # show all-script # from MixTape",
  "owner": "MixTape",
  "workspace": "ws_autoMixTape"
},{
  "_id": {
    "$oid": "5fec816b7ed98bef52b96f78"
  },
  "year": "20",
  "mouth": "12",
  "day": "30",
  "hour": "17",
  "minute": "02",
  "second": "27",
  "content": "action # edit script put-interface.py # from MixTape",
  "owner": "MixTape",
  "workspace": "ws_autoMixTape"
},{
  "_id": {
    "$oid": "5fec81cf7ed98bef52b96f7a"
  },
  "year": "20",
  "mouth": "12",
  "day": "30",
  "hour": "17",
  "minute": "04",
  "second": "07",
  "content": "action # show all-script # from MixTape",
  "owner": "MixTape",
  "workspace": "ws_autoMixTape"
},{
  "_id": {
    "$oid": "5fec81d47ed98bef52b96f7b"
  },
  "year": "20",
  "mouth": "12",
  "day": "30",
  "hour": "17",
  "minute": "04",
  "second": "12",
  "content": "action # edit script put-interface.py # from MixTape",
  "owner": "MixTape",
  "workspace": "ws_autoMixTape"
},{
  "_id": {
    "$oid": "5fec81df7ed98bef52b96f7c"
  },
  "year": "20",
  "mouth": "12",
  "day": "30",
  "hour": "17",
  "minute": "04",
  "second": "23",
  "content": "action # edit script update put-interface.py # from MixTape",
  "owner": "MixTape",
  "workspace": "ws_autoMixTape"
},{
  "_id": {
    "$oid": "5fec82af7ed98bef52b96f7e"
  },
  "year": "20",
  "mouth": "12",
  "day": "30",
  "hour": "17",
  "minute": "07",
  "second": "51",
  "content": "action # show all-script # from MixTape",
  "owner": "MixTape",
  "workspace": "ws_autoMixTape"
},{
  "_id": {
    "$oid": "5fec82b37ed98bef52b96f7f"
  },
  "year": "20",
  "mouth": "12",
  "day": "30",
  "hour": "17",
  "minute": "07",
  "second": "55",
  "content": "action # edit script put-interface.py # from MixTape",
  "owner": "MixTape",
  "workspace": "ws_autoMixTape"
},{
  "_id": {
    "$oid": "5fec82c47ed98bef52b96f80"
  },
  "year": "20",
  "mouth": "12",
  "day": "30",
  "hour": "17",
  "minute": "08",
  "second": "12",
  "content": "action # edit script update put-interface.py # from MixTape",
  "owner": "MixTape",
  "workspace": "ws_autoMixTape"
},{
  "_id": {
    "$oid": "5fec82cc7ed98bef52b96f81"
  },
  "year": "20",
  "mouth": "12",
  "day": "30",
  "hour": "17",
  "minute": "08",
  "second": "20",
  "content": "action # edit script set-hostname.py # from MixTape",
  "owner": "MixTape",
  "workspace": "ws_autoMixTape"
},{
  "_id": {
    "$oid": "5fec82d47ed98bef52b96f82"
  },
  "year": "20",
  "mouth": "12",
  "day": "30",
  "hour": "17",
  "minute": "08",
  "second": "28",
  "content": "action # edit script update set-hostname.py # from MixTape",
  "owner": "MixTape",
  "workspace": "ws_autoMixTape"
},{
  "_id": {
    "$oid": "5fec82d97ed98bef52b96f83"
  },
  "year": "20",
  "mouth": "12",
  "day": "30",
  "hour": "17",
  "minute": "08",
  "second": "33",
  "content": "action # edit script set-hostname.py # from MixTape",
  "owner": "MixTape",
  "workspace": "ws_autoMixTape"
},{
  "_id": {
    "$oid": "5fec82da7ed98bef52b96f84"
  },
  "year": "20",
  "mouth": "12",
  "day": "30",
  "hour": "17",
  "minute": "08",
  "second": "34",
  "content": "action # edit script update set-hostname.py # from MixTape",
  "owner": "MixTape",
  "workspace": "ws_autoMixTape"
},{
  "_id": {
    "$oid": "5fec8684ba13ee2614002c34"
  },
  "year": "20",
  "mouth": "12",
  "day": "30",
  "hour": "17",
  "minute": "24",
  "second": "12",
  "content": "action # show all-script # from MixTape",
  "owner": "MixTape",
  "workspace": "ws_autoMixTape"
},{
  "_id": {
    "$oid": "5fec86a3ba13ee2614002c36"
  },
  "year": "20",
  "mouth": "12",
  "day": "30",
  "hour": "17",
  "minute": "24",
  "second": "43",
  "content": "action # show all-script # from MixTape",
  "owner": "MixTape",
  "workspace": "ws_autoMixTape"
},{
  "_id": {
    "$oid": "5fec86afba13ee2614002c38"
  },
  "year": "20",
  "mouth": "12",
  "day": "30",
  "hour": "17",
  "minute": "24",
  "second": "55",
  "content": "action # show all-script # from MixTape",
  "owner": "MixTape",
  "workspace": "ws_autoMixTape"
},{
  "_id": {
    "$oid": "5fec86b2ba13ee2614002c39"
  },
  "year": "20",
  "mouth": "12",
  "day": "30",
  "hour": "17",
  "minute": "24",
  "second": "58",
  "content": "action # edit script set-hostname.py # from MixTape",
  "owner": "MixTape",
  "workspace": "ws_autoMixTape"
},{
  "_id": {
    "$oid": "5fec86b4ba13ee2614002c3a"
  },
  "year": "20",
  "mouth": "12",
  "day": "30",
  "hour": "17",
  "minute": "25",
  "second": "00",
  "content": "action # edit script update set-hostname.py # from MixTape",
  "owner": "MixTape",
  "workspace": "ws_autoMixTape"
},{
  "_id": {
    "$oid": "5fec86f6ba13ee2614002c3c"
  },
  "year": "20",
  "mouth": "12",
  "day": "30",
  "hour": "17",
  "minute": "26",
  "second": "06",
  "content": "action # show all-script # from MixTape",
  "owner": "MixTape",
  "workspace": "ws_autoMixTape"
},{
  "_id": {
    "$oid": "5fec8f508d14db4bf1dec141"
  },
  "year": "20",
  "mouth": "12",
  "day": "30",
  "hour": "18",
  "minute": "01",
  "second": "44",
  "content": "action # show all-script # from MixTape",
  "owner": "MixTape",
  "workspace": "ws_autoMixTape"
},{
  "_id": {
    "$oid": "5fec9037178fdbb718071750"
  },
  "year": "20",
  "mouth": "12",
  "day": "30",
  "hour": "18",
  "minute": "05",
  "second": "35",
  "content": "action # show all-script # from MixTape",
  "owner": "MixTape",
  "workspace": "ws_autoMixTape"
},{
  "_id": {
    "$oid": "5fec96bf34e978d47477ca00"
  },
  "year": "20",
  "mouth": "12",
  "day": "30",
  "hour": "18",
  "minute": "33",
  "second": "27",
  "content": "action # show all-script # from MixTape",
  "owner": "MixTape",
  "workspace": "ws_autoMixTape"
},{
  "_id": {
    "$oid": "5fec96ec0800e926daa9b385"
  },
  "year": "20",
  "mouth": "12",
  "day": "30",
  "hour": "18",
  "minute": "34",
  "second": "12",
  "content": "action # show all-script # from MixTape",
  "owner": "MixTape",
  "workspace": "ws_autoMixTape"
},{
  "_id": {
    "$oid": "5fec97720800e926daa9b386"
  },
  "year": "20",
  "mouth": "12",
  "day": "30",
  "hour": "18",
  "minute": "36",
  "second": "26",
  "content": "action # edit script put-interface.py # from MixTape",
  "owner": "MixTape",
  "workspace": "ws_autoMixTape"
},{
  "_id": {
    "$oid": "5feca2bcb9341b4c7627687c"
  },
  "year": "20",
  "mouth": "12",
  "day": "30",
  "hour": "19",
  "minute": "24",
  "second": "36",
  "content": "action # show all-script # from MixTape",
  "owner": "MixTape",
  "workspace": "ws_autoMixTape"
},{
  "_id": {
    "$oid": "5feca2c7b9341b4c7627687d"
  },
  "year": "20",
  "mouth": "12",
  "day": "30",
  "hour": "19",
  "minute": "24",
  "second": "47",
  "content": "action # show all-script # from MixTape",
  "owner": "MixTape",
  "workspace": "ws_autoMixTape"
},{
  "_id": {
    "$oid": "5feca31c6cbce2acaf9589d2"
  },
  "year": "20",
  "mouth": "12",
  "day": "30",
  "hour": "19",
  "minute": "26",
  "second": "12",
  "content": "action # show all-script # from MixTape",
  "owner": "MixTape",
  "workspace": "ws_autoMixTape"
},{
  "_id": {
    "$oid": "5feca36726067bb19a21d5c2"
  },
  "year": "20",
  "mouth": "12",
  "day": "30",
  "hour": "19",
  "minute": "27",
  "second": "27",
  "content": "action # show all-script # from MixTape",
  "owner": "MixTape",
  "workspace": "ws_autoMixTape"
},{
  "_id": {
    "$oid": "5feca37326067bb19a21d5c3"
  },
  "year": "20",
  "mouth": "12",
  "day": "30",
  "hour": "19",
  "minute": "27",
  "second": "39",
  "content": "action # show all-script # from MixTape",
  "owner": "MixTape",
  "workspace": "ws_autoMixTape"
},{
  "_id": {
    "$oid": "5fecb3cfad5f5c519ed7b3ea"
  },
  "year": "20",
  "mouth": "12",
  "day": "30",
  "hour": "20",
  "minute": "37",
  "second": "27",
  "content": "action # show all-script # from MixTape",
  "owner": "MixTape",
  "workspace": "ws_autoMixTape"
},{
  "_id": {
    "$oid": "5fecb605ad5f5c519ed7b3ec"
  },
  "year": "20",
  "mouth": "12",
  "day": "30",
  "hour": "20",
  "minute": "46",
  "second": "53",
  "content": "action # show all-script # from MixTape",
  "owner": "MixTape",
  "workspace": "ws_autoMixTape"
},{
  "_id": {
    "$oid": "5fecb6d6ad5f5c519ed7b3ee"
  },
  "year": "20",
  "mouth": "12",
  "day": "30",
  "hour": "20",
  "minute": "50",
  "second": "22",
  "content": "action # show all-script # from MixTape",
  "owner": "MixTape",
  "workspace": "ws_autoMixTape"
},{
  "_id": {
    "$oid": "5fecb6fbad5f5c519ed7b3f0"
  },
  "year": "20",
  "mouth": "12",
  "day": "30",
  "hour": "20",
  "minute": "50",
  "second": "59",
  "content": "action # show all-script # from MixTape",
  "owner": "MixTape",
  "workspace": "ws_autoMixTape"
},{
  "_id": {
    "$oid": "5fecb74ead5f5c519ed7b3f2"
  },
  "year": "20",
  "mouth": "12",
  "day": "30",
  "hour": "20",
  "minute": "52",
  "second": "22",
  "content": "action # show all-script # from MixTape",
  "owner": "MixTape",
  "workspace": "ws_autoMixTape"
},{
  "_id": {
    "$oid": "5fecb8416fa1253db7aa06d9"
  },
  "year": "20",
  "mouth": "12",
  "day": "30",
  "hour": "20",
  "minute": "56",
  "second": "25",
  "content": "action # show all-script # from MixTape",
  "owner": "MixTape",
  "workspace": "ws_autoMixTape"
},{
  "_id": {
    "$oid": "5fecb9a0fddb8cf126bcd772"
  },
  "year": "20",
  "mouth": "12",
  "day": "30",
  "hour": "21",
  "minute": "02",
  "second": "16",
  "content": "action # show all-script # from MixTape",
  "owner": "MixTape",
  "workspace": "ws_autoMixTape"
},{
  "_id": {
    "$oid": "5fecba6517038ea7705dbca6"
  },
  "year": "20",
  "mouth": "12",
  "day": "30",
  "hour": "21",
  "minute": "05",
  "second": "33",
  "content": "action # show all-script # from MixTape",
  "owner": "MixTape",
  "workspace": "ws_autoMixTape"
},{
  "_id": {
    "$oid": "5fecba7717038ea7705dbca8"
  },
  "year": "20",
  "mouth": "12",
  "day": "30",
  "hour": "21",
  "minute": "05",
  "second": "51",
  "content": "action # show all-script # from MixTape",
  "owner": "MixTape",
  "workspace": "ws_autoMixTape"
},{
  "_id": {
    "$oid": "5fecba8917038ea7705dbca9"
  },
  "year": "20",
  "mouth": "12",
  "day": "30",
  "hour": "21",
  "minute": "06",
  "second": "09",
  "content": "action # edit script hello.py # from MixTape",
  "owner": "MixTape",
  "workspace": "ws_autoMixTape"
},{
  "_id": {
    "$oid": "5fecbc6417038ea7705dbcaa"
  },
  "year": "20",
  "mouth": "12",
  "day": "30",
  "hour": "21",
  "minute": "14",
  "second": "04",
  "content": "action # edit script update hello.py # from MixTape",
  "owner": "MixTape",
  "workspace": "ws_autoMixTape"
},{
  "_id": {
    "$oid": "5fecbcb617038ea7705dbcab"
  },
  "year": "20",
  "mouth": "12",
  "day": "30",
  "hour": "21",
  "minute": "15",
  "second": "26",
  "content": "action # show all-script # from MixTape",
  "owner": "MixTape",
  "workspace": "ws_autoMixTape"
},{
  "_id": {
    "$oid": "5fecbcc217038ea7705dbcac"
  },
  "year": "20",
  "mouth": "12",
  "day": "30",
  "hour": "21",
  "minute": "15",
  "second": "38",
  "content": "action # show all-script # from MixTape",
  "owner": "MixTape",
  "workspace": "ws_autoMixTape"
},{
  "_id": {
    "$oid": "5fecbcde17038ea7705dbcae"
  },
  "year": "20",
  "mouth": "12",
  "day": "30",
  "hour": "21",
  "minute": "16",
  "second": "06",
  "content": "action # show all-script # from MixTape",
  "owner": "MixTape",
  "workspace": "ws_autoMixTape"
},{
  "_id": {
    "$oid": "5fecbcf217038ea7705dbcaf"
  },
  "year": "20",
  "mouth": "12",
  "day": "30",
  "hour": "21",
  "minute": "16",
  "second": "26",
  "content": "action # edit script hello.py # from MixTape",
  "owner": "MixTape",
  "workspace": "ws_autoMixTape"
},{
  "_id": {
    "$oid": "5fecbcfd17038ea7705dbcb0"
  },
  "year": "20",
  "mouth": "12",
  "day": "30",
  "hour": "21",
  "minute": "16",
  "second": "37",
  "content": "action # edit script update hello.py # from MixTape",
  "owner": "MixTape",
  "workspace": "ws_autoMixTape"
},{
  "_id": {
    "$oid": "5fecbdc217038ea7705dbcb2"
  },
  "year": "20",
  "mouth": "12",
  "day": "30",
  "hour": "21",
  "minute": "19",
  "second": "54",
  "content": "action # show all-script # from MixTape",
  "owner": "MixTape",
  "workspace": "ws_autoMixTape"
},{
  "_id": {
    "$oid": "5fecbdc817038ea7705dbcb3"
  },
  "year": "20",
  "mouth": "12",
  "day": "30",
  "hour": "21",
  "minute": "20",
  "second": "00",
  "content": "action # edit script hello.py # from MixTape",
  "owner": "MixTape",
  "workspace": "ws_autoMixTape"
},{
  "_id": {
    "$oid": "5fecbddd17038ea7705dbcb4"
  },
  "year": "20",
  "mouth": "12",
  "day": "30",
  "hour": "21",
  "minute": "20",
  "second": "21",
  "content": "action # edit script update hello.py # from MixTape",
  "owner": "MixTape",
  "workspace": "ws_autoMixTape"
},{
  "_id": {
    "$oid": "5fecbdf117038ea7705dbcb5"
  },
  "year": "20",
  "mouth": "12",
  "day": "30",
  "hour": "21",
  "minute": "20",
  "second": "41",
  "content": "action # show all-script # from MixTape",
  "owner": "MixTape",
  "workspace": "ws_autoMixTape"
},{
  "_id": {
    "$oid": "5fecbe0f17038ea7705dbcb7"
  },
  "year": "20",
  "mouth": "12",
  "day": "30",
  "hour": "21",
  "minute": "21",
  "second": "11",
  "content": "action # show all-script # from MixTape",
  "owner": "MixTape",
  "workspace": "ws_autoMixTape"
},{
  "_id": {
    "$oid": "5fecbe1817038ea7705dbcb8"
  },
  "year": "20",
  "mouth": "12",
  "day": "30",
  "hour": "21",
  "minute": "21",
  "second": "20",
  "content": "action # edit script hello.py # from MixTape",
  "owner": "MixTape",
  "workspace": "ws_autoMixTape"
},{
  "_id": {
    "$oid": "5fecbe2d17038ea7705dbcb9"
  },
  "year": "20",
  "mouth": "12",
  "day": "30",
  "hour": "21",
  "minute": "21",
  "second": "41",
  "content": "action # edit script update hello.py # from MixTape",
  "owner": "MixTape",
  "workspace": "ws_autoMixTape"
},{
  "_id": {
    "$oid": "5fecbe7f17038ea7705dbcba"
  },
  "year": "20",
  "mouth": "12",
  "day": "30",
  "hour": "21",
  "minute": "23",
  "second": "03",
  "content": "action # show all-script # from MixTape",
  "owner": "MixTape",
  "workspace": "ws_autoMixTape"
},{
  "_id": {
    "$oid": "5fecbf598e04df7d9eaad232"
  },
  "year": "20",
  "mouth": "12",
  "day": "30",
  "hour": "21",
  "minute": "26",
  "second": "41",
  "content": "action # show all-script # from MixTape",
  "owner": "MixTape",
  "workspace": "ws_autoMixTape"
},{
  "_id": {
    "$oid": "5fecbf818e04df7d9eaad234"
  },
  "year": "20",
  "mouth": "12",
  "day": "30",
  "hour": "21",
  "minute": "27",
  "second": "21",
  "content": "action # show all-script # from MixTape",
  "owner": "MixTape",
  "workspace": "ws_autoMixTape"
},{
  "_id": {
    "$oid": "5fecc0912e973245e33a6a4a"
  },
  "year": "20",
  "mouth": "12",
  "day": "30",
  "hour": "21",
  "minute": "31",
  "second": "53",
  "content": "action # show all-script # from MixTape",
  "owner": "MixTape",
  "workspace": "ws_autoMixTape"
},{
  "_id": {
    "$oid": "5fecc09d2e973245e33a6a4b"
  },
  "year": "20",
  "mouth": "12",
  "day": "30",
  "hour": "21",
  "minute": "32",
  "second": "05",
  "content": "action # show all-script # from MixTape",
  "owner": "MixTape",
  "workspace": "ws_autoMixTape"
},{
  "_id": {
    "$oid": "5fecc0e92e973245e33a6a4d"
  },
  "year": "20",
  "mouth": "12",
  "day": "30",
  "hour": "21",
  "minute": "33",
  "second": "21",
  "content": "action # show all-script # from MixTape",
  "owner": "MixTape",
  "workspace": "ws_autoMixTape"
},{
  "_id": {
    "$oid": "5fecc13c2e973245e33a6a4e"
  },
  "year": "20",
  "mouth": "12",
  "day": "30",
  "hour": "21",
  "minute": "34",
  "second": "44",
  "content": "action # edit script hello.py # from MixTape",
  "owner": "MixTape",
  "workspace": "ws_autoMixTape"
},{
  "_id": {
    "$oid": "5fecc14c2e973245e33a6a4f"
  },
  "year": "20",
  "mouth": "12",
  "day": "30",
  "hour": "21",
  "minute": "35",
  "second": "00",
  "content": "action # edit script update hello.py # from MixTape",
  "owner": "MixTape",
  "workspace": "ws_autoMixTape"
},{
  "_id": {
    "$oid": "5fecc23120cee524bf9ea5a3"
  },
  "year": "20",
  "mouth": "12",
  "day": "30",
  "hour": "21",
  "minute": "38",
  "second": "49",
  "content": "action # show all-script # from MixTape",
  "owner": "MixTape",
  "workspace": "ws_autoMixTape"
},{
  "_id": {
    "$oid": "5fecc2bc20cee524bf9ea5a5"
  },
  "year": "20",
  "mouth": "12",
  "day": "30",
  "hour": "21",
  "minute": "41",
  "second": "08",
  "content": "action # show all-script # from MixTape",
  "owner": "MixTape",
  "workspace": "ws_autoMixTape"
},{
  "_id": {
    "$oid": "5fecc2d420cee524bf9ea5a6"
  },
  "year": "20",
  "mouth": "12",
  "day": "30",
  "hour": "21",
  "minute": "41",
  "second": "32",
  "content": "action # edit script get-interface.py # from MixTape",
  "owner": "MixTape",
  "workspace": "ws_autoMixTape"
},{
  "_id": {
    "$oid": "5fecc2dd20cee524bf9ea5a7"
  },
  "year": "20",
  "mouth": "12",
  "day": "30",
  "hour": "21",
  "minute": "41",
  "second": "41",
  "content": "action # edit script update get-interface.py # from MixTape",
  "owner": "MixTape",
  "workspace": "ws_autoMixTape"
},{
  "_id": {
    "$oid": "5fecc63c10613e6d6b2ae0a4"
  },
  "year": "20",
  "mouth": "12",
  "day": "30",
  "hour": "21",
  "minute": "56",
  "second": "04",
  "content": "action # new script go.py /home/mehrdad/Documents/my-git/automation/automation_scripts/ go go # from MixTape",
  "owner": "MixTape",
  "workspace": "ws_autoMixTape"
},{
  "_id": {
    "$oid": "5feccd567b46ee3e9865df00"
  },
  "year": "20",
  "mouth": "12",
  "day": "30",
  "hour": "22",
  "minute": "26",
  "second": "22",
  "content": "action # show action-log year 20 # from MixTape",
  "owner": "MixTape",
  "workspace": "ws_autoMixTape"
},{
  "_id": {
    "$oid": "5fecce9d7b46ee3e9865df01"
  },
  "year": "20",
  "mouth": "12",
  "day": "30",
  "hour": "22",
  "minute": "31",
  "second": "49",
  "content": "action # show action-log year 20 # from MixTape",
  "owner": "MixTape",
  "workspace": "ws_autoMixTape"
},{
  "_id": {
    "$oid": "5fecd8303289f1c0f3a36eda"
  },
  "year": "20",
  "mouth": "12",
  "day": "30",
  "hour": "23",
  "minute": "12",
  "second": "40",
  "content": "action # edit script go.py # from MixTape",
  "owner": "MixTape",
  "workspace": "ws_autoMixTape"
},{
  "_id": {
    "$oid": "5fecd8533289f1c0f3a36edb"
  },
  "year": "20",
  "mouth": "12",
  "day": "30",
  "hour": "23",
  "minute": "13",
  "second": "15",
  "content": "action # edit script update go.py # from MixTape",
  "owner": "MixTape",
  "workspace": "ws_autoMixTape"
},{
  "_id": {
    "$oid": "5fecd8633289f1c0f3a36edc"
  },
  "year": "20",
  "mouth": "12",
  "day": "30",
  "hour": "23",
  "minute": "13",
  "second": "31",
  "content": "action # edit script hello.py # from MixTape",
  "owner": "MixTape",
  "workspace": "ws_autoMixTape"
},{
  "_id": {
    "$oid": "5fecd8693289f1c0f3a36edd"
  },
  "year": "20",
  "mouth": "12",
  "day": "30",
  "hour": "23",
  "minute": "13",
  "second": "37",
  "content": "action # edit script update hello.py # from MixTape",
  "owner": "MixTape",
  "workspace": "ws_autoMixTape"
},{
  "_id": {
    "$oid": "5fecd87b3289f1c0f3a36ede"
  },
  "year": "20",
  "mouth": "12",
  "day": "30",
  "hour": "23",
  "minute": "13",
  "second": "55",
  "content": "action # show login-log year 20 # from MixTape",
  "owner": "MixTape",
  "workspace": "ws_autoMixTape"
},{
  "_id": {
    "$oid": "5fecd87f3289f1c0f3a36edf"
  },
  "year": "20",
  "mouth": "12",
  "day": "30",
  "hour": "23",
  "minute": "13",
  "second": "59",
  "content": "action # show action-log year 20 # from MixTape",
  "owner": "MixTape",
  "workspace": "ws_autoMixTape"
},{
  "_id": {
    "$oid": "5fecd8853289f1c0f3a36ee0"
  },
  "year": "20",
  "mouth": "12",
  "day": "30",
  "hour": "23",
  "minute": "14",
  "second": "05",
  "content": "action # show action-log year 20 # from MixTape",
  "owner": "MixTape",
  "workspace": "ws_autoMixTape"
},{
  "_id": {
    "$oid": "5fed855f63f3f78c52a992d9"
  },
  "year": "20",
  "mouth": "12",
  "day": "31",
  "hour": "11",
  "minute": "31",
  "second": "35",
  "content": "action # show login-log year 30 # from MixTape",
  "owner": "MixTape",
  "workspace": "ws_autoMixTape"
},{
  "_id": {
    "$oid": "5fed856263f3f78c52a992da"
  },
  "year": "20",
  "mouth": "12",
  "day": "31",
  "hour": "11",
  "minute": "31",
  "second": "38",
  "content": "action # show login-log year 20 # from MixTape",
  "owner": "MixTape",
  "workspace": "ws_autoMixTape"
},{
  "_id": {
    "$oid": "5fed857363f3f78c52a992db"
  },
  "year": "20",
  "mouth": "12",
  "day": "31",
  "hour": "11",
  "minute": "31",
  "second": "55",
  "content": "action # edit script put-interface.py # from MixTape",
  "owner": "MixTape",
  "workspace": "ws_autoMixTape"
},{
  "_id": {
    "$oid": "5fed857f63f3f78c52a992dc"
  },
  "year": "20",
  "mouth": "12",
  "day": "31",
  "hour": "11",
  "minute": "32",
  "second": "07",
  "content": "action # edit script update put-interface.py # from MixTape",
  "owner": "MixTape",
  "workspace": "ws_autoMixTape"
},{
  "_id": {
    "$oid": "5fed859d63f3f78c52a992dd"
  },
  "year": "20",
  "mouth": "12",
  "day": "31",
  "hour": "11",
  "minute": "32",
  "second": "37",
  "content": "action # edit script put-interface.py # from MixTape",
  "owner": "MixTape",
  "workspace": "ws_autoMixTape"
},{
  "_id": {
    "$oid": "5fed85c363f3f78c52a992de"
  },
  "year": "20",
  "mouth": "12",
  "day": "31",
  "hour": "11",
  "minute": "33",
  "second": "15",
  "content": "action # edit script update put-interface.py # from MixTape",
  "owner": "MixTape",
  "workspace": "ws_autoMixTape"
},{
  "_id": {
    "$oid": "5fed85c963f3f78c52a992df"
  },
  "year": "20",
  "mouth": "12",
  "day": "31",
  "hour": "11",
  "minute": "33",
  "second": "21",
  "content": "action # show login-log year 20 # from MixTape",
  "owner": "MixTape",
  "workspace": "ws_autoMixTape"
},{
  "_id": {
    "$oid": "5fedcb3f3178b95cd9af3f15"
  },
  "year": "20",
  "mouth": "12",
  "day": "31",
  "hour": "16",
  "minute": "29",
  "second": "43",
  "content": "action # show login-log  20 # from MixTape",
  "owner": "MixTape",
  "workspace": "ws_autoMixTape"
},{
  "_id": {
    "$oid": "5fedcb433178b95cd9af3f16"
  },
  "year": "20",
  "mouth": "12",
  "day": "31",
  "hour": "16",
  "minute": "29",
  "second": "47",
  "content": "action # show action-log year 20 # from MixTape",
  "owner": "MixTape",
  "workspace": "ws_autoMixTape"
},{
  "_id": {
    "$oid": "5fedcb4a3178b95cd9af3f17"
  },
  "year": "20",
  "mouth": "12",
  "day": "31",
  "hour": "16",
  "minute": "29",
  "second": "54",
  "content": "action # edit script set-hostname.py # from MixTape",
  "owner": "MixTape",
  "workspace": "ws_autoMixTape"
},{
  "_id": {
    "$oid": "5fedcb533178b95cd9af3f18"
  },
  "year": "20",
  "mouth": "12",
  "day": "31",
  "hour": "16",
  "minute": "30",
  "second": "03",
  "content": "action # edit script update set-hostname.py # from MixTape",
  "owner": "MixTape",
  "workspace": "ws_autoMixTape"
},{
  "_id": {
    "$oid": "5fedcb603178b95cd9af3f19"
  },
  "year": "20",
  "mouth": "12",
  "day": "31",
  "hour": "16",
  "minute": "30",
  "second": "16",
  "content": "action # edit script set-hostname.py # from MixTape",
  "owner": "MixTape",
  "workspace": "ws_autoMixTape"
},{
  "_id": {
    "$oid": "5fedcb663178b95cd9af3f1a"
  },
  "year": "20",
  "mouth": "12",
  "day": "31",
  "hour": "16",
  "minute": "30",
  "second": "22",
  "content": "action # edit script update set-hostname.py # from MixTape",
  "owner": "MixTape",
  "workspace": "ws_autoMixTape"
},{
  "_id": {
    "$oid": "5fedcb963178b95cd9af3f1d"
  },
  "year": "20",
  "mouth": "12",
  "day": "31",
  "hour": "16",
  "minute": "31",
  "second": "10",
  "content": "action # new admin 123 # from MixTape",
  "owner": "MixTape",
  "workspace": "ws_autoMixTape"
},{
  "_id": {
    "$oid": "5fedcba43178b95cd9af3f1f"
  },
  "year": "20",
  "mouth": "12",
  "day": "31",
  "hour": "16",
  "minute": "31",
  "second": "24",
  "content": "action # new server 123 # from MixTape",
  "owner": "MixTape",
  "workspace": "ws_autoMixTape"
},{
  "_id": {
    "$oid": "5fedcbae3178b95cd9af3f20"
  },
  "year": "20",
  "mouth": "12",
  "day": "31",
  "hour": "16",
  "minute": "31",
  "second": "34",
  "content": "action # del admin 123 # from MixTape",
  "owner": "MixTape",
  "workspace": "ws_autoMixTape"
},{
  "_id": {
    "$oid": "5fedcbb63178b95cd9af3f21"
  },
  "year": "20",
  "mouth": "12",
  "day": "31",
  "hour": "16",
  "minute": "31",
  "second": "42",
  "content": "action # del server 123 # from MixTape",
  "owner": "MixTape",
  "workspace": "ws_autoMixTape"
},{
  "_id": {
    "$oid": "5feddbe18cd06602e0a46674"
  },
  "year": "20",
  "mouth": "12",
  "day": "31",
  "hour": "17",
  "minute": "40",
  "second": "41",
  "content": "action # new admin 123 # from MixTape",
  "owner": "MixTape",
  "workspace": "ws_autoMixTape"
},{
  "_id": {
    "$oid": "5feddc83839b7137d19a360a"
  },
  "year": "20",
  "mouth": "12",
  "day": "31",
  "hour": "17",
  "minute": "43",
  "second": "23",
  "content": "action # new admin 123 # from MixTape",
  "owner": "MixTape",
  "workspace": "ws_autoMixTape"
},{
  "_id": {
    "$oid": "5feddcdf839b7137d19a360b"
  },
  "year": "20",
  "mouth": "12",
  "day": "31",
  "hour": "17",
  "minute": "44",
  "second": "55",
  "content": "action # edit admin 123, attribute: username changed to qwe # from MixTape",
  "owner": "MixTape",
  "workspace": "ws_autoMixTape"
},{
  "_id": {
    "$oid": "5fedde9c8c81e352422d0911"
  },
  "year": "20",
  "mouth": "12",
  "day": "31",
  "hour": "17",
  "minute": "52",
  "second": "20",
  "content": "action # new admin 123 # from MixTape",
  "owner": "MixTape",
  "workspace": "ws_autoMixTape"
},{
  "_id": {
    "$oid": "5feddeab8c81e352422d0912"
  },
  "year": "20",
  "mouth": "12",
  "day": "31",
  "hour": "17",
  "minute": "52",
  "second": "35",
  "content": "action # edit admin 123, attribute: username changed to qwe # from MixTape",
  "owner": "MixTape",
  "workspace": "ws_autoMixTape"
},{
  "_id": {
    "$oid": "5feddebc8c81e352422d0913"
  },
  "year": "20",
  "mouth": "12",
  "day": "31",
  "hour": "17",
  "minute": "52",
  "second": "52",
  "content": "action # edit admin qwe, password was changed # from MixTape",
  "owner": "MixTape",
  "workspace": "ws_autoMixTape"
},{
  "_id": {
    "$oid": "5fede0e4d6f67e5c46bdfa9f"
  },
  "year": "20",
  "mouth": "12",
  "day": "31",
  "hour": "18",
  "minute": "02",
  "second": "04",
  "content": "action # edit admin qwe, password was changed # from MixTape",
  "owner": "MixTape",
  "workspace": "ws_autoMixTape"
},{
  "_id": {
    "$oid": "5fede24a7af1870aa489c955"
  },
  "year": "20",
  "mouth": "12",
  "day": "31",
  "hour": "18",
  "minute": "08",
  "second": "02",
  "content": "action # new server 123 # from MixTape",
  "owner": "MixTape",
  "workspace": "ws_autoMixTape"
},{
  "_id": {
    "$oid": "5fede2677af1870aa489c956"
  },
  "year": "20",
  "mouth": "12",
  "day": "31",
  "hour": "18",
  "minute": "08",
  "second": "31",
  "content": "action # edit server 123, attribute: hostname changed to qwe # from MixTape",
  "owner": "MixTape",
  "workspace": "ws_autoMixTape"
},{
  "_id": {
    "$oid": "5fede27d7af1870aa489c959"
  },
  "year": "20",
  "mouth": "12",
  "day": "31",
  "hour": "18",
  "minute": "08",
  "second": "53",
  "content": "action # new user 123 # from MixTape",
  "owner": "MixTape",
  "workspace": "ws_autoMixTape"
},{
  "_id": {
    "$oid": "5fede2917af1870aa489c95a"
  },
  "year": "20",
  "mouth": "12",
  "day": "31",
  "hour": "18",
  "minute": "09",
  "second": "13",
  "content": "action # edit user 123, attribute: username changed to qwe # from MixTape",
  "owner": "MixTape",
  "workspace": "ws_autoMixTape"
},{
  "_id": {
    "$oid": "5fede29f7af1870aa489c95b"
  },
  "year": "20",
  "mouth": "12",
  "day": "31",
  "hour": "18",
  "minute": "09",
  "second": "27",
  "content": "action # show action-log year 20 # from MixTape",
  "owner": "MixTape",
  "workspace": "ws_autoMixTape"
},{
  "_id": {
    "$oid": "5fede2c27af1870aa489c95c"
  },
  "year": "20",
  "mouth": "12",
  "day": "31",
  "hour": "18",
  "minute": "10",
  "second": "02",
  "content": "action # edit script set-hostname.py # from MixTape",
  "owner": "MixTape",
  "workspace": "ws_autoMixTape"
},{
  "_id": {
    "$oid": "5fede2c77af1870aa489c95d"
  },
  "year": "20",
  "mouth": "12",
  "day": "31",
  "hour": "18",
  "minute": "10",
  "second": "07",
  "content": "action # edit script update set-hostname.py # from MixTape",
  "owner": "MixTape",
  "workspace": "ws_autoMixTape"
},{
  "_id": {
    "$oid": "5fede3037af1870aa489c95e"
  },
  "year": "20",
  "mouth": "12",
  "day": "31",
  "hour": "18",
  "minute": "11",
  "second": "07",
  "content": "action # del user qwe # from MixTape",
  "owner": "MixTape",
  "workspace": "ws_autoMixTape"
},{
  "_id": {
    "$oid": "5fede3237af1870aa489c95f"
  },
  "year": "20",
  "mouth": "12",
  "day": "31",
  "hour": "18",
  "minute": "11",
  "second": "39",
  "content": "action # del server qwe # from MixTape",
  "owner": "MixTape",
  "workspace": "ws_autoMixTape"
},{
  "_id": {
    "$oid": "5fee006ba2b283180bf050ec"
  },
  "year": "20",
  "mouth": "12",
  "day": "31",
  "hour": "20",
  "minute": "16",
  "second": "35",
  "content": "action # show action-log owner MixTape # from MixTape",
  "owner": "MixTape",
  "workspace": "ws_autoMixTape"
},{
  "_id": {
    "$oid": "5fee0c99114ae8b7602d5b85"
  },
  "year": "20",
  "mouth": "12",
  "day": "31",
  "hour": "21",
  "minute": "08",
  "second": "33",
  "content": "action # show login-log year 20 # from MixTape",
  "owner": "MixTape",
  "workspace": "ws_autoMixTape"
},{
  "_id": {
    "$oid": "5fee0cba114ae8b7602d5b86"
  },
  "year": "20",
  "mouth": "12",
  "day": "31",
  "hour": "21",
  "minute": "09",
  "second": "06",
  "content": "action # show login-log year 23 # from MixTape",
  "owner": "MixTape",
  "workspace": "ws_autoMixTape"
},{
  "_id": {
    "$oid": "5fee0cc4114ae8b7602d5b87"
  },
  "year": "20",
  "mouth": "12",
  "day": "31",
  "hour": "21",
  "minute": "09",
  "second": "16",
  "content": "action # show login-log username MixTape # from MixTape",
  "owner": "MixTape",
  "workspace": "ws_autoMixTape"
},{
  "_id": {
    "$oid": "5fee0cd9114ae8b7602d5b88"
  },
  "year": "20",
  "mouth": "12",
  "day": "31",
  "hour": "21",
  "minute": "09",
  "second": "37",
  "content": "action # show action-log owner MixTape # from MixTape",
  "owner": "MixTape",
  "workspace": "ws_autoMixTape"
},{
  "_id": {
    "$oid": "5fee0cf0114ae8b7602d5b89"
  },
  "year": "20",
  "mouth": "12",
  "day": "31",
  "hour": "21",
  "minute": "10",
  "second": "00",
  "content": "action # show action-log owner MixTape # from MixTape",
  "owner": "MixTape",
  "workspace": "ws_autoMixTape"
},{
  "_id": {
    "$oid": "5fee0d5a114ae8b7602d5b8a"
  },
  "year": "20",
  "mouth": "12",
  "day": "31",
  "hour": "21",
  "minute": "11",
  "second": "46",
  "content": "action # edit script hello.py # from MixTape",
  "owner": "MixTape",
  "workspace": "ws_autoMixTape"
},{
  "_id": {
    "$oid": "5fee0d7a114ae8b7602d5b8b"
  },
  "year": "20",
  "mouth": "12",
  "day": "31",
  "hour": "21",
  "minute": "12",
  "second": "18",
  "content": "action # edit script update hello.py # from MixTape",
  "owner": "MixTape",
  "workspace": "ws_autoMixTape"
},{
  "_id": {
    "$oid": "5fee0d9b114ae8b7602d5b8c"
  },
  "year": "20",
  "mouth": "12",
  "day": "31",
  "hour": "21",
  "minute": "12",
  "second": "51",
  "content": "action # del script go.py # from MixTape",
  "owner": "MixTape",
  "workspace": "ws_autoMixTape"
},{
  "_id": {
    "$oid": "5fee0dd6114ae8b7602d5b8e"
  },
  "year": "20",
  "mouth": "12",
  "day": "31",
  "hour": "21",
  "minute": "13",
  "second": "50",
  "content": "action # new script go.py /home/mehrdad/Documents/my-git/automation/automation_scripts/ go # from MixTape",
  "owner": "MixTape",
  "workspace": "ws_autoMixTape"
},{
  "_id": {
    "$oid": "5fee0e3e114ae8b7602d5b90"
  },
  "year": "20",
  "mouth": "12",
  "day": "31",
  "hour": "21",
  "minute": "15",
  "second": "34",
  "content": "action # edit script go.py # from MixTape",
  "owner": "MixTape",
  "workspace": "ws_autoMixTape"
},{
  "_id": {
    "$oid": "5fee0e4d114ae8b7602d5b91"
  },
  "year": "20",
  "mouth": "12",
  "day": "31",
  "hour": "21",
  "minute": "15",
  "second": "49",
  "content": "action # edit script update go.py # from MixTape",
  "owner": "MixTape",
  "workspace": "ws_autoMixTape"
},{
  "_id": {
    "$oid": "5fee0e6c114ae8b7602d5b93"
  },
  "year": "20",
  "mouth": "12",
  "day": "31",
  "hour": "21",
  "minute": "16",
  "second": "20",
  "content": "action # new script mo.py /home/mehrdad/Documents/my-git/automation/automation_scripts/ mo # from MixTape",
  "owner": "MixTape",
  "workspace": "ws_autoMixTape"
},{
  "_id": {
    "$oid": "5fee0e72114ae8b7602d5b94"
  },
  "year": "20",
  "mouth": "12",
  "day": "31",
  "hour": "21",
  "minute": "16",
  "second": "26",
  "content": "action # edit script mo.py # from MixTape",
  "owner": "MixTape",
  "workspace": "ws_autoMixTape"
},{
  "_id": {
    "$oid": "5fee0e7c114ae8b7602d5b95"
  },
  "year": "20",
  "mouth": "12",
  "day": "31",
  "hour": "21",
  "minute": "16",
  "second": "36",
  "content": "action # edit script update mo.py # from MixTape",
  "owner": "MixTape",
  "workspace": "ws_autoMixTape"
},{
  "_id": {
    "$oid": "5fee0e8c114ae8b7602d5b96"
  },
  "year": "20",
  "mouth": "12",
  "day": "31",
  "hour": "21",
  "minute": "16",
  "second": "52",
  "content": "action # del script mo.py # from MixTape",
  "owner": "MixTape",
  "workspace": "ws_autoMixTape"
},{
  "_id": {
    "$oid": "5fee0eb9114ae8b7602d5b97"
  },
  "year": "20",
  "mouth": "12",
  "day": "31",
  "hour": "21",
  "minute": "17",
  "second": "37",
  "content": "action # del script go.py # from MixTape",
  "owner": "MixTape",
  "workspace": "ws_autoMixTape"
},{
  "_id": {
    "$oid": "5fee0ef9114ae8b7602d5b9a"
  },
  "year": "20",
  "mouth": "12",
  "day": "31",
  "hour": "21",
  "minute": "18",
  "second": "41",
  "content": "action # new admin qwe # from MixTape",
  "owner": "MixTape",
  "workspace": "ws_autoMixTape"
},{
  "_id": {
    "$oid": "5fee0f14114ae8b7602d5b9b"
  },
  "year": "20",
  "mouth": "12",
  "day": "31",
  "hour": "21",
  "minute": "19",
  "second": "08",
  "content": "action # del admin qwe # from MixTape",
  "owner": "MixTape",
  "workspace": "ws_autoMixTape"
},{
  "_id": {
    "$oid": "5fee0f3d114ae8b7602d5b9e"
  },
  "year": "20",
  "mouth": "12",
  "day": "31",
  "hour": "21",
  "minute": "19",
  "second": "49",
  "content": "action # new admin qwe # from MixTape",
  "owner": "MixTape",
  "workspace": "ws_autoMixTape"
},{
  "_id": {
    "$oid": "5fee0f64114ae8b7602d5b9f"
  },
  "year": "20",
  "mouth": "12",
  "day": "31",
  "hour": "21",
  "minute": "20",
  "second": "28",
  "content": "action # edit admin qwe, attribute: username changed to reza # from MixTape",
  "owner": "MixTape",
  "workspace": "ws_autoMixTape"
},{
  "_id": {
    "$oid": "5fee0f96114ae8b7602d5ba1"
  },
  "year": "20",
  "mouth": "12",
  "day": "31",
  "hour": "21",
  "minute": "21",
  "second": "18",
  "content": "action # new server h1 # from MixTape",
  "owner": "MixTape",
  "workspace": "ws_autoMixTape"
},{
  "_id": {
    "$oid": "5fee0fba114ae8b7602d5ba2"
  },
  "year": "20",
  "mouth": "12",
  "day": "31",
  "hour": "21",
  "minute": "21",
  "second": "54",
  "content": "action # edit server h1, password was changed # from MixTape",
  "owner": "MixTape",
  "workspace": "ws_autoMixTape"
},{
  "_id": {
    "$oid": "5fee0fd3114ae8b7602d5ba3"
  },
  "year": "20",
  "mouth": "12",
  "day": "31",
  "hour": "21",
  "minute": "22",
  "second": "19",
  "content": "action # del server h1 # from MixTape",
  "owner": "MixTape",
  "workspace": "ws_autoMixTape"
},{
  "_id": {
    "$oid": "5fee0feb114ae8b7602d5ba6"
  },
  "year": "20",
  "mouth": "12",
  "day": "31",
  "hour": "21",
  "minute": "22",
  "second": "43",
  "content": "action # new user qwe # from MixTape",
  "owner": "MixTape",
  "workspace": "ws_autoMixTape"
},{
  "_id": {
    "$oid": "5fee1041114ae8b7602d5ba9"
  },
  "year": "20",
  "mouth": "12",
  "day": "31",
  "hour": "21",
  "minute": "24",
  "second": "09",
  "content": "action # new admin reza # from MixTape",
  "owner": "MixTape",
  "workspace": "ws_autoMixTape"
},{
  "_id": {
    "$oid": "5fee107b114ae8b7602d5bab"
  },
  "year": "20",
  "mouth": "12",
  "day": "31",
  "hour": "21",
  "minute": "25",
  "second": "07",
  "content": "action # show action-log year 20 # from reza",
  "owner": "reza",
  "workspace": "ws_autoreza"
},{
  "_id": {
    "$oid": "5fee1089114ae8b7602d5bac"
  },
  "year": "20",
  "mouth": "12",
  "day": "31",
  "hour": "21",
  "minute": "25",
  "second": "21",
  "content": "action # show login-log year 20 # from reza",
  "owner": "reza",
  "workspace": "ws_autoreza"
},{
  "_id": {
    "$oid": "5fee1092114ae8b7602d5bad"
  },
  "year": "20",
  "mouth": "12",
  "day": "31",
  "hour": "21",
  "minute": "25",
  "second": "30",
  "content": "action # show action-log hour 12 # from reza",
  "owner": "reza",
  "workspace": "ws_autoreza"
},{
  "_id": {
    "$oid": "5fee1098114ae8b7602d5bae"
  },
  "year": "20",
  "mouth": "12",
  "day": "31",
  "hour": "21",
  "minute": "25",
  "second": "36",
  "content": "action # show action-log owner reza # from reza",
  "owner": "reza",
  "workspace": "ws_autoreza"
},{
  "_id": {
    "$oid": "5ff033eaed15040be4037507"
  },
  "year": "21",
  "mouth": "01",
  "day": "02",
  "hour": "12",
  "minute": "20",
  "second": "50",
  "content": "action # show login-log year 20 # from MixTape",
  "owner": "MixTape",
  "workspace": "ws_autoMixTape"
},{
  "_id": {
    "$oid": "5ff033f2ed15040be4037508"
  },
  "year": "21",
  "mouth": "01",
  "day": "02",
  "hour": "12",
  "minute": "20",
  "second": "58",
  "content": "action # show login-log year 21 # from MixTape",
  "owner": "MixTape",
  "workspace": "ws_autoMixTape"
},{
  "_id": {
    "$oid": "5ff03411ed15040be4037509"
  },
  "year": "21",
  "mouth": "01",
  "day": "02",
  "hour": "12",
  "minute": "21",
  "second": "29",
  "content": "action # show action-log year 21 # from MixTape",
  "owner": "MixTape",
  "workspace": "ws_autoMixTape"
},{
  "_id": {
    "$oid": "5ff03465ed15040be403750a"
  },
  "year": "21",
  "mouth": "01",
  "day": "02",
  "hour": "12",
  "minute": "22",
  "second": "53",
  "content": "action # show action-log year 21 # from MixTape",
  "owner": "MixTape",
  "workspace": "ws_autoMixTape"
},{
  "_id": {
    "$oid": "5ff03476ed15040be403750b"
  },
  "year": "21",
  "mouth": "01",
  "day": "02",
  "hour": "12",
  "minute": "23",
  "second": "10",
  "content": "action # show action-log year 21 # from reza",
  "owner": "reza",
  "workspace": "ws_autoreza"
},{
  "_id": {
    "$oid": "5ff03499ed15040be403750c"
  },
  "year": "21",
  "mouth": "01",
  "day": "02",
  "hour": "12",
  "minute": "23",
  "second": "45",
  "content": "action # edit admin reza, password was changed # from MixTape",
  "owner": "MixTape",
  "workspace": "ws_autoMixTape"
},{
  "_id": {
    "$oid": "5ff0349eed15040be403750d"
  },
  "year": "21",
  "mouth": "01",
  "day": "02",
  "hour": "12",
  "minute": "23",
  "second": "50",
  "content": "action # show action-log year 21 # from reza",
  "owner": "reza",
  "workspace": "ws_autoreza"
},{
  "_id": {
    "$oid": "5ff035b590d2b8dbd082a6ba"
  },
  "year": "21",
  "mouth": "01",
  "day": "02",
  "hour": "12",
  "minute": "28",
  "second": "29",
  "content": "action # launch hello.py # from MixTape",
  "owner": "MixTape",
  "workspace": "ws_autoMixTape"
},{
  "_id": {
    "$oid": "5ff035c690d2b8dbd082a6bb"
  },
  "year": "21",
  "mouth": "01",
  "day": "02",
  "hour": "12",
  "minute": "28",
  "second": "46",
  "content": "action # edit script hello.py # from MixTape",
  "owner": "MixTape",
  "workspace": "ws_autoMixTape"
},{
  "_id": {
    "$oid": "5ff035c990d2b8dbd082a6bc"
  },
  "year": "21",
  "mouth": "01",
  "day": "02",
  "hour": "12",
  "minute": "28",
  "second": "49",
  "content": "action # edit script update hello.py # from MixTape",
  "owner": "MixTape",
  "workspace": "ws_autoMixTape"
},{
  "_id": {
    "$oid": "5ff035ca90d2b8dbd082a6bd"
  },
  "year": "21",
  "mouth": "01",
  "day": "02",
  "hour": "12",
  "minute": "28",
  "second": "50",
  "content": "action # launch hello.py # from MixTape",
  "owner": "MixTape",
  "workspace": "ws_autoMixTape"
},{
  "_id": {
    "$oid": "5ff035d690d2b8dbd082a6be"
  },
  "year": "21",
  "mouth": "01",
  "day": "02",
  "hour": "12",
  "minute": "29",
  "second": "02",
  "content": "action # show action-log year 21 # from MixTape",
  "owner": "MixTape",
  "workspace": "ws_autoMixTape"
},{
  "_id": {
    "$oid": "5ff0361190d2b8dbd082a6bf"
  },
  "year": "21",
  "mouth": "01",
  "day": "02",
  "hour": "12",
  "minute": "30",
  "second": "01",
  "content": "action # del admin reza # from MixTape",
  "owner": "MixTape",
  "workspace": "ws_autoMixTape"
},{
  "_id": {
    "$oid": "5ff0361a90d2b8dbd082a6c0"
  },
  "year": "21",
  "mouth": "01",
  "day": "02",
  "hour": "12",
  "minute": "30",
  "second": "10",
  "content": "action # show action-log year 21 # from MixTape",
  "owner": "MixTape",
  "workspace": "ws_autoMixTape"
}]