[{
  "_id": {
    "$oid": "5fba39f68b509feac0f6166c"
  },
  "username": "MixTape",
  "password": "5994471abb01112afcc18159f6cc74b4f511b99806da59b3caf5a9c173cacfc5",
  "first_name": "mehrdad",
  "last_name": "arman",
  "birth_year": "1998",
  "birth_month": "12",
  "birth_day": "31",
  "email": "mehrdad1998a@gmail.com",
  "phone": "09369798295",
  "permission": true,
  "record_date": "20-11-22 13:44:14"
},{
  "_id": {
    "$oid": "5fee1041114ae8b7602d5ba7"
  },
  "username": "reza",
  "password": "a665a45920422f9d417e4867efdc4fb8a04a1f3fff1fa07e998e86f7f7a27ae3",
  "first_name": "reza",
  "last_name": "ss",
  "birth_year": "2012",
  "birth_month": "6",
  "birth_day": "11",
  "email": "qwe@gmail.com",
  "phone": "876",
  "permission": true,
  "record_date": "20-12-31 21:24:09"
}]