[{
  "_id": {
    "$oid": "5fe90860e096e2dd18505527"
  },
  "year": "20",
  "mouth": "12",
  "day": "28",
  "hour": "01",
  "minute": "49",
  "second": "12",
  "content": "authentication complete from 127.0.0.1:53860 to server",
  "username": "MixTape",
  "workspace": "ws_autoMixTape"
},{
  "_id": {
    "$oid": "5fe908c757d739e875f8c154"
  },
  "year": "20",
  "mouth": "12",
  "day": "28",
  "hour": "01",
  "minute": "50",
  "second": "55",
  "content": "authentication complete from 127.0.0.1:53868 to server",
  "username": "MixTape",
  "workspace": "ws_autoMixTape"
},{
  "_id": {
    "$oid": "5fe90c54fa48ed60bcb9c090"
  },
  "year": "20",
  "mouth": "12",
  "day": "28",
  "hour": "02",
  "minute": "06",
  "second": "04",
  "content": "authentication complete from 127.0.0.1:53982 to server",
  "username": "MixTape",
  "workspace": "ws_autoMixTape"
},{
  "_id": {
    "$oid": "5fe90e8e3559c69f7d3223e1"
  },
  "year": "20",
  "mouth": "12",
  "day": "28",
  "hour": "02",
  "minute": "15",
  "second": "34",
  "content": "authentication complete from 127.0.0.1:54000 to server",
  "username": "MixTape",
  "workspace": "ws_autoMixTape"
},{
  "_id": {
    "$oid": "5fe90fea38564334d8adeaec"
  },
  "year": "20",
  "mouth": "12",
  "day": "28",
  "hour": "02",
  "minute": "21",
  "second": "22",
  "content": "authentication complete from 127.0.0.1:54008 to server",
  "username": "MixTape",
  "workspace": "ws_autoMixTape"
},{
  "_id": {
    "$oid": "5fe9103738564334d8adeaed"
  },
  "year": "20",
  "mouth": "12",
  "day": "28",
  "hour": "02",
  "minute": "22",
  "second": "39",
  "content": "authentication complete from 127.0.0.1:54018 to server",
  "username": "MixTape",
  "workspace": "ws_autoMixTape"
},{
  "_id": {
    "$oid": "5fe912664021248c911f8e5d"
  },
  "year": "20",
  "mouth": "12",
  "day": "28",
  "hour": "02",
  "minute": "31",
  "second": "58",
  "content": "authentication complete from 127.0.0.1:54072 to server",
  "username": "MixTape",
  "workspace": "ws_autoMixTape"
},{
  "_id": {
    "$oid": "5fe915abdb88ff5d5507074e"
  },
  "year": "20",
  "mouth": "12",
  "day": "28",
  "hour": "02",
  "minute": "45",
  "second": "55",
  "content": "authentication complete from 127.0.0.1:54146 to server",
  "username": "MixTape",
  "workspace": "ws_autoMixTape"
},{
  "_id": {
    "$oid": "5fe9161ddb88ff5d5507074f"
  },
  "year": "20",
  "mouth": "12",
  "day": "28",
  "hour": "02",
  "minute": "47",
  "second": "49",
  "content": "authentication complete from 127.0.0.1:54154 to server",
  "username": "MixTape",
  "workspace": "ws_autoMixTape"
},{
  "_id": {
    "$oid": "5fe916d1905b8a61dd25bf81"
  },
  "year": "20",
  "mouth": "12",
  "day": "28",
  "hour": "02",
  "minute": "50",
  "second": "49",
  "content": "authentication complete from 127.0.0.1:54160 to server",
  "username": "MixTape",
  "workspace": "ws_autoMixTape"
},{
  "_id": {
    "$oid": "5fe917bac875f206b874b3e0"
  },
  "year": "20",
  "mouth": "12",
  "day": "28",
  "hour": "02",
  "minute": "54",
  "second": "42",
  "content": "authentication complete from 127.0.0.1:54180 to server",
  "username": "MixTape",
  "workspace": "ws_autoMixTape"
},{
  "_id": {
    "$oid": "5fe91815c875f206b874b3e1"
  },
  "year": "20",
  "mouth": "12",
  "day": "28",
  "hour": "02",
  "minute": "56",
  "second": "13",
  "content": "authentication complete from 127.0.0.1:54186 to server",
  "username": "MixTape",
  "workspace": "ws_autoMixTape"
},{
  "_id": {
    "$oid": "5fe9186622b33740731e8196"
  },
  "year": "20",
  "mouth": "12",
  "day": "28",
  "hour": "02",
  "minute": "57",
  "second": "34",
  "content": "authentication complete from 127.0.0.1:54194 to server",
  "username": "MixTape",
  "workspace": "ws_autoMixTape"
},{
  "_id": {
    "$oid": "5fe918c461c91c6a2c79ab7c"
  },
  "year": "20",
  "mouth": "12",
  "day": "28",
  "hour": "02",
  "minute": "59",
  "second": "08",
  "content": "authentication complete from 127.0.0.1:54212 to server",
  "username": "MixTape",
  "workspace": "ws_autoMixTape"
},{
  "_id": {
    "$oid": "5fe91970ce8f77d33dbce6ae"
  },
  "year": "20",
  "mouth": "12",
  "day": "28",
  "hour": "03",
  "minute": "02",
  "second": "00",
  "content": "authentication complete from 127.0.0.1:54226 to server",
  "username": "MixTape",
  "workspace": "ws_autoMixTape"
},{
  "_id": {
    "$oid": "5fe919a28c326d4c780f9df8"
  },
  "year": "20",
  "mouth": "12",
  "day": "28",
  "hour": "03",
  "minute": "02",
  "second": "50",
  "content": "authentication complete from 127.0.0.1:54238 to server",
  "username": "MixTape",
  "workspace": "ws_autoMixTape"
},{
  "_id": {
    "$oid": "5fe91b4563687fbd30c19328"
  },
  "year": "20",
  "mouth": "12",
  "day": "28",
  "hour": "03",
  "minute": "09",
  "second": "49",
  "content": "authentication complete from 127.0.0.1:54258 to server",
  "username": "MixTape",
  "workspace": "ws_autoMixTape"
},{
  "_id": {
    "$oid": "5fe91dd8ff60d50c921f7d5d"
  },
  "year": "20",
  "mouth": "12",
  "day": "28",
  "hour": "03",
  "minute": "20",
  "second": "48",
  "content": "authentication complete from 127.0.0.1:54280 to server",
  "username": "MixTape",
  "workspace": "ws_autoMixTape"
},{
  "_id": {
    "$oid": "5fe91e77ff60d50c921f7d5e"
  },
  "year": "20",
  "mouth": "12",
  "day": "28",
  "hour": "03",
  "minute": "23",
  "second": "27",
  "content": "authentication complete from 127.0.0.1:54294 to server",
  "username": "MixTape",
  "workspace": "ws_autoMixTape"
},{
  "_id": {
    "$oid": "5fe91ea8ff60d50c921f7d5f"
  },
  "year": "20",
  "mouth": "12",
  "day": "28",
  "hour": "03",
  "minute": "24",
  "second": "16",
  "content": "authentication complete from 127.0.0.1:54300 to server",
  "username": "MixTape",
  "workspace": "ws_autoMixTape"
},{
  "_id": {
    "$oid": "5feb581d0293ec89c25e5822"
  },
  "year": "20",
  "mouth": "12",
  "day": "29",
  "hour": "19",
  "minute": "53",
  "second": "57",
  "content": "authentication complete from 127.0.0.1:49638 to server",
  "username": "MixTape",
  "workspace": "ws_autoMixTape"
},{
  "_id": {
    "$oid": "5feb58570293ec89c25e5823"
  },
  "year": "20",
  "mouth": "12",
  "day": "29",
  "hour": "19",
  "minute": "54",
  "second": "55",
  "content": "authentication complete from 127.0.0.1:49664 to server",
  "username": "MixTape",
  "workspace": "ws_autoMixTape"
},{
  "_id": {
    "$oid": "5feb58970293ec89c25e5824"
  },
  "year": "20",
  "mouth": "12",
  "day": "29",
  "hour": "19",
  "minute": "55",
  "second": "59",
  "content": "authentication complete from 127.0.0.1:49672 to server",
  "username": "MixTape",
  "workspace": "ws_autoMixTape"
},{
  "_id": {
    "$oid": "5feb590a5f449e959d2ec9f8"
  },
  "year": "20",
  "mouth": "12",
  "day": "29",
  "hour": "19",
  "minute": "57",
  "second": "54",
  "content": "authentication complete from 127.0.0.1:49706 to server",
  "username": "MixTape",
  "workspace": "ws_autoMixTape"
},{
  "_id": {
    "$oid": "5feb59bd5f449e959d2ec9f9"
  },
  "year": "20",
  "mouth": "12",
  "day": "29",
  "hour": "20",
  "minute": "00",
  "second": "53",
  "content": "authentication complete from 127.0.0.1:49760 to server",
  "username": "MixTape",
  "workspace": "ws_autoMixTape"
},{
  "_id": {
    "$oid": "5feb5a1f5f449e959d2ec9fa"
  },
  "year": "20",
  "mouth": "12",
  "day": "29",
  "hour": "20",
  "minute": "02",
  "second": "31",
  "content": "authentication complete from 127.0.0.1:49778 to server",
  "username": "MixTape",
  "workspace": "ws_autoMixTape"
},{
  "_id": {
    "$oid": "5feb5ad15f449e959d2ec9fb"
  },
  "year": "20",
  "mouth": "12",
  "day": "29",
  "hour": "20",
  "minute": "05",
  "second": "29",
  "content": "authentication complete from 127.0.0.1:49810 to server",
  "username": "MixTape",
  "workspace": "ws_autoMixTape"
},{
  "_id": {
    "$oid": "5feb5af9baffd7ee9d86b7aa"
  },
  "year": "20",
  "mouth": "12",
  "day": "29",
  "hour": "20",
  "minute": "06",
  "second": "09",
  "content": "authentication complete from 127.0.0.1:49828 to server",
  "username": "MixTape",
  "workspace": "ws_autoMixTape"
},{
  "_id": {
    "$oid": "5feb5b54baffd7ee9d86b7ab"
  },
  "year": "20",
  "mouth": "12",
  "day": "29",
  "hour": "20",
  "minute": "07",
  "second": "40",
  "content": "authentication complete from 127.0.0.1:49848 to server",
  "username": "MixTape",
  "workspace": "ws_autoMixTape"
},{
  "_id": {
    "$oid": "5feb5bccd6e40ef9647a68e1"
  },
  "year": "20",
  "mouth": "12",
  "day": "29",
  "hour": "20",
  "minute": "09",
  "second": "40",
  "content": "authentication complete from 127.0.0.1:49874 to server",
  "username": "MixTape",
  "workspace": "ws_autoMixTape"
},{
  "_id": {
    "$oid": "5feb5c60bbbb9c31799a7b20"
  },
  "year": "20",
  "mouth": "12",
  "day": "29",
  "hour": "20",
  "minute": "12",
  "second": "08",
  "content": "authentication complete from 127.0.0.1:49908 to server",
  "username": "MixTape",
  "workspace": "ws_autoMixTape"
},{
  "_id": {
    "$oid": "5feb5c8abbbb9c31799a7b21"
  },
  "year": "20",
  "mouth": "12",
  "day": "29",
  "hour": "20",
  "minute": "12",
  "second": "50",
  "content": "authentication complete from 127.0.0.1:49918 to server",
  "username": "MixTape",
  "workspace": "ws_autoMixTape"
},{
  "_id": {
    "$oid": "5feb5ceb672693cfc0ee4688"
  },
  "year": "20",
  "mouth": "12",
  "day": "29",
  "hour": "20",
  "minute": "14",
  "second": "27",
  "content": "authentication complete from 127.0.0.1:49944 to server",
  "username": "MixTape",
  "workspace": "ws_autoMixTape"
},{
  "_id": {
    "$oid": "5feb5d21d6cdd432fe576220"
  },
  "year": "20",
  "mouth": "12",
  "day": "29",
  "hour": "20",
  "minute": "15",
  "second": "21",
  "content": "authentication complete from 127.0.0.1:49968 to server",
  "username": "MixTape",
  "workspace": "ws_autoMixTape"
},{
  "_id": {
    "$oid": "5feb5d70d6cdd432fe576221"
  },
  "year": "20",
  "mouth": "12",
  "day": "29",
  "hour": "20",
  "minute": "16",
  "second": "40",
  "content": "authentication complete from 127.0.0.1:49978 to server",
  "username": "MixTape",
  "workspace": "ws_autoMixTape"
},{
  "_id": {
    "$oid": "5feb5dc0d6cdd432fe576222"
  },
  "year": "20",
  "mouth": "12",
  "day": "29",
  "hour": "20",
  "minute": "18",
  "second": "00",
  "content": "authentication complete from 127.0.0.1:49996 to server",
  "username": "MixTape",
  "workspace": "ws_autoMixTape"
},{
  "_id": {
    "$oid": "5feb5e248c4c862baabd0486"
  },
  "year": "20",
  "mouth": "12",
  "day": "29",
  "hour": "20",
  "minute": "19",
  "second": "40",
  "content": "authentication complete from 127.0.0.1:50008 to server",
  "username": "MixTape",
  "workspace": "ws_autoMixTape"
},{
  "_id": {
    "$oid": "5feb5e5a8c4c862baabd0487"
  },
  "year": "20",
  "mouth": "12",
  "day": "29",
  "hour": "20",
  "minute": "20",
  "second": "34",
  "content": "authentication complete from 127.0.0.1:50026 to server",
  "username": "MixTape",
  "workspace": "ws_autoMixTape"
},{
  "_id": {
    "$oid": "5feb5eae228e7a1ed7709292"
  },
  "year": "20",
  "mouth": "12",
  "day": "29",
  "hour": "20",
  "minute": "21",
  "second": "58",
  "content": "authentication complete from 127.0.0.1:50046 to server",
  "username": "MixTape",
  "workspace": "ws_autoMixTape"
},{
  "_id": {
    "$oid": "5feb61306f5cd170b7bbb7c3"
  },
  "year": "20",
  "mouth": "12",
  "day": "29",
  "hour": "20",
  "minute": "32",
  "second": "40",
  "content": "authentication complete from 127.0.0.1:50140 to server",
  "username": "MixTape",
  "workspace": "ws_autoMixTape"
},{
  "_id": {
    "$oid": "5febac84f2911dc7e9e3be44"
  },
  "year": "20",
  "mouth": "12",
  "day": "30",
  "hour": "01",
  "minute": "54",
  "second": "04",
  "content": "authentication complete from 127.0.0.1:57184 to server",
  "username": "MixTape",
  "workspace": "ws_autoMixTape"
},{
  "_id": {
    "$oid": "5fec3d9d5ef69be52ea8d147"
  },
  "year": "20",
  "mouth": "12",
  "day": "30",
  "hour": "12",
  "minute": "13",
  "second": "09",
  "content": "authentication complete from 127.0.0.1:47520 to server",
  "username": "MixTape",
  "workspace": "ws_autoMixTape"
},{
  "_id": {
    "$oid": "5fec3dfd061b8d5d6a300435"
  },
  "year": "20",
  "mouth": "12",
  "day": "30",
  "hour": "12",
  "minute": "14",
  "second": "45",
  "content": "authentication complete from 127.0.0.1:47534 to server",
  "username": "MixTape",
  "workspace": "ws_autoMixTape"
},{
  "_id": {
    "$oid": "5fec3e3993eaf4b43bf85862"
  },
  "year": "20",
  "mouth": "12",
  "day": "30",
  "hour": "12",
  "minute": "15",
  "second": "45",
  "content": "authentication complete from 127.0.0.1:47542 to server",
  "username": "MixTape",
  "workspace": "ws_autoMixTape"
},{
  "_id": {
    "$oid": "5fec3ec56fe2e420b23d8583"
  },
  "year": "20",
  "mouth": "12",
  "day": "30",
  "hour": "12",
  "minute": "18",
  "second": "05",
  "content": "authentication complete from 127.0.0.1:47548 to server",
  "username": "MixTape",
  "workspace": "ws_autoMixTape"
},{
  "_id": {
    "$oid": "5fec3ef4326930403d7dcb12"
  },
  "year": "20",
  "mouth": "12",
  "day": "30",
  "hour": "12",
  "minute": "18",
  "second": "52",
  "content": "authentication complete from 127.0.0.1:47558 to server",
  "username": "MixTape",
  "workspace": "ws_autoMixTape"
},{
  "_id": {
    "$oid": "5fec3f21b6cdd19b0c9c132a"
  },
  "year": "20",
  "mouth": "12",
  "day": "30",
  "hour": "12",
  "minute": "19",
  "second": "37",
  "content": "authentication complete from 127.0.0.1:47568 to server",
  "username": "MixTape",
  "workspace": "ws_autoMixTape"
},{
  "_id": {
    "$oid": "5fec44f9b6cdd19b0c9c132c"
  },
  "year": "20",
  "mouth": "12",
  "day": "30",
  "hour": "12",
  "minute": "44",
  "second": "33",
  "content": "authentication complete from 127.0.0.1:47584 to server",
  "username": "MixTape",
  "workspace": "ws_autoMixTape"
},{
  "_id": {
    "$oid": "5fec4bbfade25e4f33a57c9d"
  },
  "year": "20",
  "mouth": "12",
  "day": "30",
  "hour": "13",
  "minute": "13",
  "second": "27",
  "content": "authentication complete from 127.0.0.1:47992 to server",
  "username": "MixTape",
  "workspace": "ws_autoMixTape"
},{
  "_id": {
    "$oid": "5fec4cbdade25e4f33a57ca0"
  },
  "year": "20",
  "mouth": "12",
  "day": "30",
  "hour": "13",
  "minute": "17",
  "second": "41",
  "content": "authentication complete from 127.0.0.1:48084 to server",
  "username": "MixTape",
  "workspace": "ws_autoMixTape"
},{
  "_id": {
    "$oid": "5fec4ef2ade25e4f33a57ca4"
  },
  "year": "20",
  "mouth": "12",
  "day": "30",
  "hour": "13",
  "minute": "27",
  "second": "06",
  "content": "authentication complete from 127.0.0.1:48110 to server",
  "username": "MixTape",
  "workspace": "ws_autoMixTape"
},{
  "_id": {
    "$oid": "5fec4f13ade25e4f33a57ca6"
  },
  "year": "20",
  "mouth": "12",
  "day": "30",
  "hour": "13",
  "minute": "27",
  "second": "39",
  "content": "authentication complete from 127.0.0.1:48114 to server",
  "username": "MixTape",
  "workspace": "ws_autoMixTape"
},{
  "_id": {
    "$oid": "5fec52ac737fe33928cc7724"
  },
  "year": "20",
  "mouth": "12",
  "day": "30",
  "hour": "13",
  "minute": "43",
  "second": "00",
  "content": "authentication complete from 127.0.0.1:48152 to server",
  "username": "MixTape",
  "workspace": "ws_autoMixTape"
},{
  "_id": {
    "$oid": "5fec55bbb970532ff82c78b2"
  },
  "year": "20",
  "mouth": "12",
  "day": "30",
  "hour": "13",
  "minute": "56",
  "second": "03",
  "content": "authentication complete from 127.0.0.1:48174 to server",
  "username": "MixTape",
  "workspace": "ws_autoMixTape"
},{
  "_id": {
    "$oid": "5fec56b07947ef2230059c14"
  },
  "year": "20",
  "mouth": "12",
  "day": "30",
  "hour": "14",
  "minute": "00",
  "second": "08",
  "content": "authentication complete from 127.0.0.1:48204 to server",
  "username": "MixTape",
  "workspace": "ws_autoMixTape"
},{
  "_id": {
    "$oid": "5fec5731dcf3846dbe46215c"
  },
  "year": "20",
  "mouth": "12",
  "day": "30",
  "hour": "14",
  "minute": "02",
  "second": "17",
  "content": "authentication complete from 127.0.0.1:48210 to server",
  "username": "MixTape",
  "workspace": "ws_autoMixTape"
},{
  "_id": {
    "$oid": "5fec578bef89695024521bc8"
  },
  "year": "20",
  "mouth": "12",
  "day": "30",
  "hour": "14",
  "minute": "03",
  "second": "47",
  "content": "authentication complete from 127.0.0.1:48220 to server",
  "username": "MixTape",
  "workspace": "ws_autoMixTape"
},{
  "_id": {
    "$oid": "5fec584efe65c65a713904f8"
  },
  "year": "20",
  "mouth": "12",
  "day": "30",
  "hour": "14",
  "minute": "07",
  "second": "02",
  "content": "authentication complete from 127.0.0.1:48236 to server",
  "username": "MixTape",
  "workspace": "ws_autoMixTape"
},{
  "_id": {
    "$oid": "5fec5963bce041f982c72c85"
  },
  "year": "20",
  "mouth": "12",
  "day": "30",
  "hour": "14",
  "minute": "11",
  "second": "39",
  "content": "authentication complete from 127.0.0.1:48260 to server",
  "username": "MixTape",
  "workspace": "ws_autoMixTape"
},{
  "_id": {
    "$oid": "5fec5b7efb1729e2a4456434"
  },
  "year": "20",
  "mouth": "12",
  "day": "30",
  "hour": "14",
  "minute": "20",
  "second": "38",
  "content": "authentication complete from 127.0.0.1:48292 to server",
  "username": "MixTape",
  "workspace": "ws_autoMixTape"
},{
  "_id": {
    "$oid": "5fec638ab4eb769ba2c1c062"
  },
  "year": "20",
  "mouth": "12",
  "day": "30",
  "hour": "14",
  "minute": "54",
  "second": "58",
  "content": "authentication complete from 127.0.0.1:48770 to server",
  "username": "MixTape",
  "workspace": "ws_autoMixTape"
},{
  "_id": {
    "$oid": "5fec77527ed98bef52b96f61"
  },
  "year": "20",
  "mouth": "12",
  "day": "30",
  "hour": "16",
  "minute": "19",
  "second": "22",
  "content": "authentication complete from 127.0.0.1:49626 to server",
  "username": "MixTape",
  "workspace": "ws_autoMixTape"
},{
  "_id": {
    "$oid": "5fec778a7ed98bef52b96f63"
  },
  "year": "20",
  "mouth": "12",
  "day": "30",
  "hour": "16",
  "minute": "20",
  "second": "18",
  "content": "authentication complete from 127.0.0.1:49634 to server",
  "username": "MixTape",
  "workspace": "ws_autoMixTape"
},{
  "_id": {
    "$oid": "5fec77b97ed98bef52b96f65"
  },
  "year": "20",
  "mouth": "12",
  "day": "30",
  "hour": "16",
  "minute": "21",
  "second": "05",
  "content": "authentication complete from 127.0.0.1:49642 to server",
  "username": "MixTape",
  "workspace": "ws_autoMixTape"
},{
  "_id": {
    "$oid": "5fec77cc7ed98bef52b96f68"
  },
  "year": "20",
  "mouth": "12",
  "day": "30",
  "hour": "16",
  "minute": "21",
  "second": "24",
  "content": "authentication complete from 127.0.0.1:49644 to server",
  "username": "MixTape",
  "workspace": "ws_autoMixTape"
},{
  "_id": {
    "$oid": "5fec78667ed98bef52b96f6b"
  },
  "year": "20",
  "mouth": "12",
  "day": "30",
  "hour": "16",
  "minute": "23",
  "second": "58",
  "content": "authentication complete from 127.0.0.1:49662 to server",
  "username": "MixTape",
  "workspace": "ws_autoMixTape"
},{
  "_id": {
    "$oid": "5fec78817ed98bef52b96f6e"
  },
  "year": "20",
  "mouth": "12",
  "day": "30",
  "hour": "16",
  "minute": "24",
  "second": "25",
  "content": "authentication complete from 127.0.0.1:49670 to server",
  "username": "MixTape",
  "workspace": "ws_autoMixTape"
},{
  "_id": {
    "$oid": "5fec7a7d7ed98bef52b96f71"
  },
  "year": "20",
  "mouth": "12",
  "day": "30",
  "hour": "16",
  "minute": "32",
  "second": "53",
  "content": "authentication complete from 127.0.0.1:49718 to server",
  "username": "MixTape",
  "workspace": "ws_autoMixTape"
},{
  "_id": {
    "$oid": "5fec7cc57ed98bef52b96f73"
  },
  "year": "20",
  "mouth": "12",
  "day": "30",
  "hour": "16",
  "minute": "42",
  "second": "37",
  "content": "authentication complete from 127.0.0.1:49758 to server",
  "username": "MixTape",
  "workspace": "ws_autoMixTape"
},{
  "_id": {
    "$oid": "5fec812e7ed98bef52b96f76"
  },
  "year": "20",
  "mouth": "12",
  "day": "30",
  "hour": "17",
  "minute": "01",
  "second": "26",
  "content": "authentication complete from 127.0.0.1:49832 to server",
  "username": "MixTape",
  "workspace": "ws_autoMixTape"
},{
  "_id": {
    "$oid": "5fec81ce7ed98bef52b96f79"
  },
  "year": "20",
  "mouth": "12",
  "day": "30",
  "hour": "17",
  "minute": "04",
  "second": "06",
  "content": "authentication complete from 127.0.0.1:49864 to server",
  "username": "MixTape",
  "workspace": "ws_autoMixTape"
},{
  "_id": {
    "$oid": "5fec82ae7ed98bef52b96f7d"
  },
  "year": "20",
  "mouth": "12",
  "day": "30",
  "hour": "17",
  "minute": "07",
  "second": "50",
  "content": "authentication complete from 127.0.0.1:49916 to server",
  "username": "MixTape",
  "workspace": "ws_autoMixTape"
},{
  "_id": {
    "$oid": "5fec8683ba13ee2614002c33"
  },
  "year": "20",
  "mouth": "12",
  "day": "30",
  "hour": "17",
  "minute": "24",
  "second": "11",
  "content": "authentication complete from 127.0.0.1:49990 to server",
  "username": "MixTape",
  "workspace": "ws_autoMixTape"
},{
  "_id": {
    "$oid": "5fec86a2ba13ee2614002c35"
  },
  "year": "20",
  "mouth": "12",
  "day": "30",
  "hour": "17",
  "minute": "24",
  "second": "42",
  "content": "authentication complete from 127.0.0.1:50002 to server",
  "username": "MixTape",
  "workspace": "ws_autoMixTape"
},{
  "_id": {
    "$oid": "5fec86aeba13ee2614002c37"
  },
  "year": "20",
  "mouth": "12",
  "day": "30",
  "hour": "17",
  "minute": "24",
  "second": "54",
  "content": "authentication complete from 127.0.0.1:50006 to server",
  "username": "MixTape",
  "workspace": "ws_autoMixTape"
},{
  "_id": {
    "$oid": "5fec86f5ba13ee2614002c3b"
  },
  "year": "20",
  "mouth": "12",
  "day": "30",
  "hour": "17",
  "minute": "26",
  "second": "05",
  "content": "authentication complete from 127.0.0.1:50014 to server",
  "username": "MixTape",
  "workspace": "ws_autoMixTape"
},{
  "_id": {
    "$oid": "5fec8f4f8d14db4bf1dec140"
  },
  "year": "20",
  "mouth": "12",
  "day": "30",
  "hour": "18",
  "minute": "01",
  "second": "43",
  "content": "authentication complete from 127.0.0.1:50166 to server",
  "username": "MixTape",
  "workspace": "ws_autoMixTape"
},{
  "_id": {
    "$oid": "5fec9036178fdbb71807174f"
  },
  "year": "20",
  "mouth": "12",
  "day": "30",
  "hour": "18",
  "minute": "05",
  "second": "34",
  "content": "authentication complete from 127.0.0.1:50198 to server",
  "username": "MixTape",
  "workspace": "ws_autoMixTape"
},{
  "_id": {
    "$oid": "5fec96bd34e978d47477c9ff"
  },
  "year": "20",
  "mouth": "12",
  "day": "30",
  "hour": "18",
  "minute": "33",
  "second": "25",
  "content": "authentication complete from 127.0.0.1:50350 to server",
  "username": "MixTape",
  "workspace": "ws_autoMixTape"
},{
  "_id": {
    "$oid": "5fec96eb0800e926daa9b384"
  },
  "year": "20",
  "mouth": "12",
  "day": "30",
  "hour": "18",
  "minute": "34",
  "second": "11",
  "content": "authentication complete from 127.0.0.1:50362 to server",
  "username": "MixTape",
  "workspace": "ws_autoMixTape"
},{
  "_id": {
    "$oid": "5feca2bcb9341b4c7627687b"
  },
  "year": "20",
  "mouth": "12",
  "day": "30",
  "hour": "19",
  "minute": "24",
  "second": "36",
  "content": "authentication complete from 127.0.0.1:50772 to server",
  "username": "MixTape",
  "workspace": "ws_autoMixTape"
},{
  "_id": {
    "$oid": "5feca31b6cbce2acaf9589d1"
  },
  "year": "20",
  "mouth": "12",
  "day": "30",
  "hour": "19",
  "minute": "26",
  "second": "11",
  "content": "authentication complete from 127.0.0.1:50782 to server",
  "username": "MixTape",
  "workspace": "ws_autoMixTape"
},{
  "_id": {
    "$oid": "5feca36626067bb19a21d5c1"
  },
  "year": "20",
  "mouth": "12",
  "day": "30",
  "hour": "19",
  "minute": "27",
  "second": "26",
  "content": "authentication complete from 127.0.0.1:50800 to server",
  "username": "MixTape",
  "workspace": "ws_autoMixTape"
},{
  "_id": {
    "$oid": "5fecb3cdad5f5c519ed7b3e9"
  },
  "year": "20",
  "mouth": "12",
  "day": "30",
  "hour": "20",
  "minute": "37",
  "second": "25",
  "content": "authentication complete from 127.0.0.1:51094 to server",
  "username": "MixTape",
  "workspace": "ws_autoMixTape"
},{
  "_id": {
    "$oid": "5fecb604ad5f5c519ed7b3eb"
  },
  "year": "20",
  "mouth": "12",
  "day": "30",
  "hour": "20",
  "minute": "46",
  "second": "52",
  "content": "authentication complete from 127.0.0.1:51136 to server",
  "username": "MixTape",
  "workspace": "ws_autoMixTape"
},{
  "_id": {
    "$oid": "5fecb6d4ad5f5c519ed7b3ed"
  },
  "year": "20",
  "mouth": "12",
  "day": "30",
  "hour": "20",
  "minute": "50",
  "second": "20",
  "content": "authentication complete from 127.0.0.1:51150 to server",
  "username": "MixTape",
  "workspace": "ws_autoMixTape"
},{
  "_id": {
    "$oid": "5fecb6faad5f5c519ed7b3ef"
  },
  "year": "20",
  "mouth": "12",
  "day": "30",
  "hour": "20",
  "minute": "50",
  "second": "58",
  "content": "authentication complete from 127.0.0.1:51160 to server",
  "username": "MixTape",
  "workspace": "ws_autoMixTape"
},{
  "_id": {
    "$oid": "5fecb74ead5f5c519ed7b3f1"
  },
  "year": "20",
  "mouth": "12",
  "day": "30",
  "hour": "20",
  "minute": "52",
  "second": "22",
  "content": "authentication complete from 127.0.0.1:51178 to server",
  "username": "MixTape",
  "workspace": "ws_autoMixTape"
},{
  "_id": {
    "$oid": "5fecb8406fa1253db7aa06d8"
  },
  "year": "20",
  "mouth": "12",
  "day": "30",
  "hour": "20",
  "minute": "56",
  "second": "24",
  "content": "authentication complete from 127.0.0.1:51232 to server",
  "username": "MixTape",
  "workspace": "ws_autoMixTape"
},{
  "_id": {
    "$oid": "5fecb99efddb8cf126bcd771"
  },
  "year": "20",
  "mouth": "12",
  "day": "30",
  "hour": "21",
  "minute": "02",
  "second": "14",
  "content": "authentication complete from 127.0.0.1:51294 to server",
  "username": "MixTape",
  "workspace": "ws_autoMixTape"
},{
  "_id": {
    "$oid": "5fecba6417038ea7705dbca5"
  },
  "year": "20",
  "mouth": "12",
  "day": "30",
  "hour": "21",
  "minute": "05",
  "second": "32",
  "content": "authentication complete from 127.0.0.1:51316 to server",
  "username": "MixTape",
  "workspace": "ws_autoMixTape"
},{
  "_id": {
    "$oid": "5fecbdc217038ea7705dbcb1"
  },
  "year": "20",
  "mouth": "12",
  "day": "30",
  "hour": "21",
  "minute": "19",
  "second": "54",
  "content": "authentication complete from 127.0.0.1:51388 to server",
  "username": "MixTape",
  "workspace": "ws_autoMixTape"
},{
  "_id": {
    "$oid": "5fecbf588e04df7d9eaad231"
  },
  "year": "20",
  "mouth": "12",
  "day": "30",
  "hour": "21",
  "minute": "26",
  "second": "40",
  "content": "authentication complete from 127.0.0.1:51428 to server",
  "username": "MixTape",
  "workspace": "ws_autoMixTape"
},{
  "_id": {
    "$oid": "5fecc0902e973245e33a6a49"
  },
  "year": "20",
  "mouth": "12",
  "day": "30",
  "hour": "21",
  "minute": "31",
  "second": "52",
  "content": "authentication complete from 127.0.0.1:51456 to server",
  "username": "MixTape",
  "workspace": "ws_autoMixTape"
},{
  "_id": {
    "$oid": "5fecc23020cee524bf9ea5a2"
  },
  "year": "20",
  "mouth": "12",
  "day": "30",
  "hour": "21",
  "minute": "38",
  "second": "48",
  "content": "authentication complete from 127.0.0.1:51494 to server",
  "username": "MixTape",
  "workspace": "ws_autoMixTape"
},{
  "_id": {
    "$oid": "5fecc5c310613e6d6b2ae0a2"
  },
  "year": "20",
  "mouth": "12",
  "day": "30",
  "hour": "21",
  "minute": "54",
  "second": "03",
  "content": "authentication complete from 127.0.0.1:51598 to server",
  "username": "MixTape",
  "workspace": "ws_autoMixTape"
},{
  "_id": {
    "$oid": "5feccc6486a1a8fa8005f22f"
  },
  "year": "20",
  "mouth": "12",
  "day": "30",
  "hour": "22",
  "minute": "22",
  "second": "20",
  "content": "authentication complete from 127.0.0.1:51770 to server",
  "username": "MixTape",
  "workspace": "ws_autoMixTape"
},{
  "_id": {
    "$oid": "5feccd4e7b46ee3e9865deff"
  },
  "year": "20",
  "mouth": "12",
  "day": "30",
  "hour": "22",
  "minute": "26",
  "second": "14",
  "content": "authentication complete from 127.0.0.1:51788 to server",
  "username": "MixTape",
  "workspace": "ws_autoMixTape"
},{
  "_id": {
    "$oid": "5fecd8093289f1c0f3a36ed9"
  },
  "year": "20",
  "mouth": "12",
  "day": "30",
  "hour": "23",
  "minute": "12",
  "second": "01",
  "content": "authentication complete from 127.0.0.1:51982 to server",
  "username": "MixTape",
  "workspace": "ws_autoMixTape"
},{
  "_id": {
    "$oid": "5fece532c887db0b64dd76fb"
  },
  "year": "20",
  "mouth": "12",
  "day": "31",
  "hour": "00",
  "minute": "08",
  "second": "10",
  "content": "authentication complete from 127.0.0.1:52178 to server",
  "username": "MixTape",
  "workspace": "ws_autoMixTape"
},{
  "_id": {
    "$oid": "5fece758c887db0b64dd76fc"
  },
  "year": "20",
  "mouth": "12",
  "day": "31",
  "hour": "00",
  "minute": "17",
  "second": "20",
  "content": "authentication complete from 127.0.0.1:52214 to server",
  "username": "MixTape",
  "workspace": "ws_autoMixTape"
},{
  "_id": {
    "$oid": "5fed855863f3f78c52a992d8"
  },
  "year": "20",
  "mouth": "12",
  "day": "31",
  "hour": "11",
  "minute": "31",
  "second": "28",
  "content": "authentication complete from 127.0.0.1:37084 to server",
  "username": "MixTape",
  "workspace": "ws_autoMixTape"
},{
  "_id": {
    "$oid": "5fed8c5963f3f78c52a992e1"
  },
  "year": "20",
  "mouth": "12",
  "day": "31",
  "hour": "12",
  "minute": "01",
  "second": "21",
  "content": "authentication complete from 127.0.0.1:37206 to server",
  "username": "MixTape",
  "workspace": "ws_autoMixTape"
},{
  "_id": {
    "$oid": "5fed8d0963f3f78c52a992e2"
  },
  "year": "20",
  "mouth": "12",
  "day": "31",
  "hour": "12",
  "minute": "04",
  "second": "17",
  "content": "authentication complete from 127.0.0.1:37220 to server",
  "username": "MixTape",
  "workspace": "ws_autoMixTape"
},{
  "_id": {
    "$oid": "5fed8e1263f3f78c52a992e3"
  },
  "year": "20",
  "mouth": "12",
  "day": "31",
  "hour": "12",
  "minute": "08",
  "second": "42",
  "content": "authentication complete from 127.0.0.1:37238 to server",
  "username": "MixTape",
  "workspace": "ws_autoMixTape"
},{
  "_id": {
    "$oid": "5fed8f0963f3f78c52a992e4"
  },
  "year": "20",
  "mouth": "12",
  "day": "31",
  "hour": "12",
  "minute": "12",
  "second": "49",
  "content": "authentication complete from 127.0.0.1:37260 to server",
  "username": "MixTape",
  "workspace": "ws_autoMixTape"
},{
  "_id": {
    "$oid": "5fed8ff863f3f78c52a992e5"
  },
  "year": "20",
  "mouth": "12",
  "day": "31",
  "hour": "12",
  "minute": "16",
  "second": "48",
  "content": "authentication complete from 127.0.0.1:37278 to server",
  "username": "MixTape",
  "workspace": "ws_autoMixTape"
},{
  "_id": {
    "$oid": "5fed903a63f3f78c52a992e6"
  },
  "year": "20",
  "mouth": "12",
  "day": "31",
  "hour": "12",
  "minute": "17",
  "second": "54",
  "content": "authentication complete from 127.0.0.1:37286 to server",
  "username": "MixTape",
  "workspace": "ws_autoMixTape"
},{
  "_id": {
    "$oid": "5fed90c463f3f78c52a992e7"
  },
  "year": "20",
  "mouth": "12",
  "day": "31",
  "hour": "12",
  "minute": "20",
  "second": "12",
  "content": "authentication complete from 127.0.0.1:37298 to server",
  "username": "MixTape",
  "workspace": "ws_autoMixTape"
},{
  "_id": {
    "$oid": "5fed914f444a0a5ceda5daed"
  },
  "year": "20",
  "mouth": "12",
  "day": "31",
  "hour": "12",
  "minute": "22",
  "second": "31",
  "content": "authentication complete from 127.0.0.1:37312 to server",
  "username": "MixTape",
  "workspace": "ws_autoMixTape"
},{
  "_id": {
    "$oid": "5fed919093e882cfa047afe8"
  },
  "year": "20",
  "mouth": "12",
  "day": "31",
  "hour": "12",
  "minute": "23",
  "second": "36",
  "content": "authentication complete from 127.0.0.1:37324 to server",
  "username": "MixTape",
  "workspace": "ws_autoMixTape"
},{
  "_id": {
    "$oid": "5fed91d193e882cfa047afe9"
  },
  "year": "20",
  "mouth": "12",
  "day": "31",
  "hour": "12",
  "minute": "24",
  "second": "41",
  "content": "authentication complete from 127.0.0.1:37336 to server",
  "username": "MixTape",
  "workspace": "ws_autoMixTape"
},{
  "_id": {
    "$oid": "5fed91fd93e882cfa047afea"
  },
  "year": "20",
  "mouth": "12",
  "day": "31",
  "hour": "12",
  "minute": "25",
  "second": "25",
  "content": "authentication complete from 127.0.0.1:37344 to server",
  "username": "MixTape",
  "workspace": "ws_autoMixTape"
},{
  "_id": {
    "$oid": "5fed924693e882cfa047afeb"
  },
  "year": "20",
  "mouth": "12",
  "day": "31",
  "hour": "12",
  "minute": "26",
  "second": "38",
  "content": "authentication complete from 127.0.0.1:37352 to server",
  "username": "MixTape",
  "workspace": "ws_autoMixTape"
},{
  "_id": {
    "$oid": "5fed930193e882cfa047afec"
  },
  "year": "20",
  "mouth": "12",
  "day": "31",
  "hour": "12",
  "minute": "29",
  "second": "45",
  "content": "authentication complete from 127.0.0.1:37364 to server",
  "username": "MixTape",
  "workspace": "ws_autoMixTape"
},{
  "_id": {
    "$oid": "5fed931193e882cfa047afed"
  },
  "year": "20",
  "mouth": "12",
  "day": "31",
  "hour": "12",
  "minute": "30",
  "second": "01",
  "content": "authentication complete from 127.0.0.1:37370 to server",
  "username": "MixTape",
  "workspace": "ws_autoMixTape"
},{
  "_id": {
    "$oid": "5fed934d93e882cfa047afee"
  },
  "year": "20",
  "mouth": "12",
  "day": "31",
  "hour": "12",
  "minute": "31",
  "second": "01",
  "content": "authentication complete from 127.0.0.1:37380 to server",
  "username": "MixTape",
  "workspace": "ws_autoMixTape"
},{
  "_id": {
    "$oid": "5fed93c593e882cfa047afef"
  },
  "year": "20",
  "mouth": "12",
  "day": "31",
  "hour": "12",
  "minute": "33",
  "second": "01",
  "content": "authentication complete from 127.0.0.1:37392 to server",
  "username": "MixTape",
  "workspace": "ws_autoMixTape"
},{
  "_id": {
    "$oid": "5fed94dc93e882cfa047aff0"
  },
  "year": "20",
  "mouth": "12",
  "day": "31",
  "hour": "12",
  "minute": "37",
  "second": "40",
  "content": "authentication complete from 127.0.0.1:37410 to server",
  "username": "MixTape",
  "workspace": "ws_autoMixTape"
},{
  "_id": {
    "$oid": "5fed9571358d66beca8e849d"
  },
  "year": "20",
  "mouth": "12",
  "day": "31",
  "hour": "12",
  "minute": "40",
  "second": "09",
  "content": "authentication complete from 127.0.0.1:37424 to server",
  "username": "MixTape",
  "workspace": "ws_autoMixTape"
},{
  "_id": {
    "$oid": "5fed95ec358d66beca8e849e"
  },
  "year": "20",
  "mouth": "12",
  "day": "31",
  "hour": "12",
  "minute": "42",
  "second": "12",
  "content": "authentication complete from 127.0.0.1:37440 to server",
  "username": "MixTape",
  "workspace": "ws_autoMixTape"
},{
  "_id": {
    "$oid": "5fed9619358d66beca8e849f"
  },
  "year": "20",
  "mouth": "12",
  "day": "31",
  "hour": "12",
  "minute": "42",
  "second": "57",
  "content": "authentication complete from 127.0.0.1:37448 to server",
  "username": "MixTape",
  "workspace": "ws_autoMixTape"
},{
  "_id": {
    "$oid": "5fed9730358d66beca8e84a0"
  },
  "year": "20",
  "mouth": "12",
  "day": "31",
  "hour": "12",
  "minute": "47",
  "second": "36",
  "content": "authentication complete from 127.0.0.1:37466 to server",
  "username": "MixTape",
  "workspace": "ws_autoMixTape"
},{
  "_id": {
    "$oid": "5fed9769358d66beca8e84a1"
  },
  "year": "20",
  "mouth": "12",
  "day": "31",
  "hour": "12",
  "minute": "48",
  "second": "33",
  "content": "authentication complete from 127.0.0.1:37474 to server",
  "username": "MixTape",
  "workspace": "ws_autoMixTape"
},{
  "_id": {
    "$oid": "5fed99d207d64e01f93190cd"
  },
  "year": "20",
  "mouth": "12",
  "day": "31",
  "hour": "12",
  "minute": "58",
  "second": "50",
  "content": "authentication complete from 127.0.0.1:37660 to server",
  "username": "MixTape",
  "workspace": "ws_autoMixTape"
},{
  "_id": {
    "$oid": "5fed9b5707d64e01f93190ce"
  },
  "year": "20",
  "mouth": "12",
  "day": "31",
  "hour": "13",
  "minute": "05",
  "second": "19",
  "content": "authentication complete from 127.0.0.1:37688 to server",
  "username": "MixTape",
  "workspace": "ws_autoMixTape"
},{
  "_id": {
    "$oid": "5fed9bc707d64e01f93190cf"
  },
  "year": "20",
  "mouth": "12",
  "day": "31",
  "hour": "13",
  "minute": "07",
  "second": "11",
  "content": "authentication complete from 127.0.0.1:37702 to server",
  "username": "MixTape",
  "workspace": "ws_autoMixTape"
},{
  "_id": {
    "$oid": "5fed9d2607d64e01f93190d0"
  },
  "year": "20",
  "mouth": "12",
  "day": "31",
  "hour": "13",
  "minute": "13",
  "second": "02",
  "content": "authentication complete from 127.0.0.1:37724 to server",
  "username": "MixTape",
  "workspace": "ws_autoMixTape"
},{
  "_id": {
    "$oid": "5fed9d8a07d64e01f93190d1"
  },
  "year": "20",
  "mouth": "12",
  "day": "31",
  "hour": "13",
  "minute": "14",
  "second": "42",
  "content": "authentication complete from 127.0.0.1:37736 to server",
  "username": "MixTape",
  "workspace": "ws_autoMixTape"
},{
  "_id": {
    "$oid": "5fed9de607d64e01f93190d2"
  },
  "year": "20",
  "mouth": "12",
  "day": "31",
  "hour": "13",
  "minute": "16",
  "second": "14",
  "content": "authentication complete from 127.0.0.1:37746 to server",
  "username": "MixTape",
  "workspace": "ws_autoMixTape"
},{
  "_id": {
    "$oid": "5fed9e8707d64e01f93190d3"
  },
  "year": "20",
  "mouth": "12",
  "day": "31",
  "hour": "13",
  "minute": "18",
  "second": "55",
  "content": "authentication complete from 127.0.0.1:37758 to server",
  "username": "MixTape",
  "workspace": "ws_autoMixTape"
},{
  "_id": {
    "$oid": "5feda0e107d64e01f93190d4"
  },
  "year": "20",
  "mouth": "12",
  "day": "31",
  "hour": "13",
  "minute": "28",
  "second": "57",
  "content": "authentication complete from 127.0.0.1:37798 to server",
  "username": "MixTape",
  "workspace": "ws_autoMixTape"
},{
  "_id": {
    "$oid": "5feda704124e84f4b93aa833"
  },
  "year": "20",
  "mouth": "12",
  "day": "31",
  "hour": "13",
  "minute": "55",
  "second": "08",
  "content": "authentication complete from 127.0.0.1:38946 to server",
  "username": "MixTape",
  "workspace": "ws_autoMixTape"
},{
  "_id": {
    "$oid": "5feda752124e84f4b93aa834"
  },
  "year": "20",
  "mouth": "12",
  "day": "31",
  "hour": "13",
  "minute": "56",
  "second": "26",
  "content": "authentication complete from 127.0.0.1:38962 to server",
  "username": "MixTape",
  "workspace": "ws_autoMixTape"
},{
  "_id": {
    "$oid": "5feda777124e84f4b93aa835"
  },
  "year": "20",
  "mouth": "12",
  "day": "31",
  "hour": "13",
  "minute": "57",
  "second": "03",
  "content": "authentication complete from 127.0.0.1:38976 to server",
  "username": "MixTape",
  "workspace": "ws_autoMixTape"
},{
  "_id": {
    "$oid": "5feda9e4124e84f4b93aa836"
  },
  "year": "20",
  "mouth": "12",
  "day": "31",
  "hour": "14",
  "minute": "07",
  "second": "24",
  "content": "authentication complete from 127.0.0.1:39088 to server",
  "username": "MixTape",
  "workspace": "ws_autoMixTape"
},{
  "_id": {
    "$oid": "5fedabdc124e84f4b93aa837"
  },
  "year": "20",
  "mouth": "12",
  "day": "31",
  "hour": "14",
  "minute": "15",
  "second": "48",
  "content": "authentication complete from 127.0.0.1:39204 to server",
  "username": "MixTape",
  "workspace": "ws_autoMixTape"
},{
  "_id": {
    "$oid": "5fedadfe124e84f4b93aa838"
  },
  "year": "20",
  "mouth": "12",
  "day": "31",
  "hour": "14",
  "minute": "24",
  "second": "54",
  "content": "authentication complete from 127.0.0.1:39326 to server",
  "username": "MixTape",
  "workspace": "ws_autoMixTape"
},{
  "_id": {
    "$oid": "5fedae75124e84f4b93aa839"
  },
  "year": "20",
  "mouth": "12",
  "day": "31",
  "hour": "14",
  "minute": "26",
  "second": "53",
  "content": "authentication complete from 127.0.0.1:39392 to server",
  "username": "MixTape",
  "workspace": "ws_autoMixTape"
},{
  "_id": {
    "$oid": "5fedaee45c9a26451afd06f5"
  },
  "year": "20",
  "mouth": "12",
  "day": "31",
  "hour": "14",
  "minute": "28",
  "second": "44",
  "content": "authentication complete from 127.0.0.1:39422 to server",
  "username": "MixTape",
  "workspace": "ws_autoMixTape"
},{
  "_id": {
    "$oid": "5fedb0c91c029f4a1ac00251"
  },
  "year": "20",
  "mouth": "12",
  "day": "31",
  "hour": "14",
  "minute": "36",
  "second": "49",
  "content": "authentication complete from 127.0.0.1:39540 to server",
  "username": "MixTape",
  "workspace": "ws_autoMixTape"
},{
  "_id": {
    "$oid": "5fedb2f3cfee50781ddbe1a4"
  },
  "year": "20",
  "mouth": "12",
  "day": "31",
  "hour": "14",
  "minute": "46",
  "second": "03",
  "content": "authentication complete from 127.0.0.1:39708 to server",
  "username": "MixTape",
  "workspace": "ws_autoMixTape"
},{
  "_id": {
    "$oid": "5fedb57b136f5598fefca31e"
  },
  "year": "20",
  "mouth": "12",
  "day": "31",
  "hour": "14",
  "minute": "56",
  "second": "51",
  "content": "authentication complete from 127.0.0.1:39838 to server",
  "username": "MixTape",
  "workspace": "ws_autoMixTape"
},{
  "_id": {
    "$oid": "5fedb5ec136f5598fefca321"
  },
  "year": "20",
  "mouth": "12",
  "day": "31",
  "hour": "14",
  "minute": "58",
  "second": "44",
  "content": "authentication complete from 127.0.0.1:39892 to server",
  "username": "MixTape",
  "workspace": "ws_autoMixTape"
},{
  "_id": {
    "$oid": "5fedb65b136f5598fefca325"
  },
  "year": "20",
  "mouth": "12",
  "day": "31",
  "hour": "15",
  "minute": "00",
  "second": "35",
  "content": "authentication complete from 127.0.0.1:39922 to server",
  "username": "MixTape",
  "workspace": "ws_autoMixTape"
},{
  "_id": {
    "$oid": "5fedb6a11591bc8b2bbd918e"
  },
  "year": "20",
  "mouth": "12",
  "day": "31",
  "hour": "15",
  "minute": "01",
  "second": "45",
  "content": "authentication complete from 127.0.0.1:39946 to server",
  "username": "MixTape",
  "workspace": "ws_autoMixTape"
},{
  "_id": {
    "$oid": "5fedb80bd4aad9e9e2ef15a7"
  },
  "year": "20",
  "mouth": "12",
  "day": "31",
  "hour": "15",
  "minute": "07",
  "second": "47",
  "content": "authentication complete from 127.0.0.1:40038 to server",
  "username": "MixTape",
  "workspace": "ws_autoMixTape"
},{
  "_id": {
    "$oid": "5fedb899d4aad9e9e2ef15a8"
  },
  "year": "20",
  "mouth": "12",
  "day": "31",
  "hour": "15",
  "minute": "10",
  "second": "09",
  "content": "authentication complete from 127.0.0.1:40070 to server",
  "username": "MixTape",
  "workspace": "ws_autoMixTape"
},{
  "_id": {
    "$oid": "5fedba3a0a9e5ba456c00187"
  },
  "year": "20",
  "mouth": "12",
  "day": "31",
  "hour": "15",
  "minute": "17",
  "second": "06",
  "content": "authentication complete from 127.0.0.1:40164 to server",
  "username": "MixTape",
  "workspace": "ws_autoMixTape"
},{
  "_id": {
    "$oid": "5fedba920a9e5ba456c00188"
  },
  "year": "20",
  "mouth": "12",
  "day": "31",
  "hour": "15",
  "minute": "18",
  "second": "34",
  "content": "authentication complete from 127.0.0.1:40194 to server",
  "username": "MixTape",
  "workspace": "ws_autoMixTape"
},{
  "_id": {
    "$oid": "5fedbfcf8d963886d8018779"
  },
  "year": "20",
  "mouth": "12",
  "day": "31",
  "hour": "15",
  "minute": "40",
  "second": "55",
  "content": "authentication complete from 127.0.0.1:40454 to server",
  "username": "MixTape",
  "workspace": "ws_autoMixTape"
},{
  "_id": {
    "$oid": "5fedc048c8b783c63cdb8adf"
  },
  "year": "20",
  "mouth": "12",
  "day": "31",
  "hour": "15",
  "minute": "42",
  "second": "56",
  "content": "authentication complete from 127.0.0.1:40518 to server",
  "username": "MixTape",
  "workspace": "ws_autoMixTape"
},{
  "_id": {
    "$oid": "5fedc0a15b9abfa1c28cc189"
  },
  "year": "20",
  "mouth": "12",
  "day": "31",
  "hour": "15",
  "minute": "44",
  "second": "25",
  "content": "authentication complete from 127.0.0.1:40546 to server",
  "username": "MixTape",
  "workspace": "ws_autoMixTape"
},{
  "_id": {
    "$oid": "5fedc1240d5749ecf008c82a"
  },
  "year": "20",
  "mouth": "12",
  "day": "31",
  "hour": "15",
  "minute": "46",
  "second": "36",
  "content": "authentication complete from 127.0.0.1:40604 to server",
  "username": "MixTape",
  "workspace": "ws_autoMixTape"
},{
  "_id": {
    "$oid": "5fedc1815aebe3c2f4db5bb8"
  },
  "year": "20",
  "mouth": "12",
  "day": "31",
  "hour": "15",
  "minute": "48",
  "second": "09",
  "content": "authentication complete from 127.0.0.1:40638 to server",
  "username": "MixTape",
  "workspace": "ws_autoMixTape"
},{
  "_id": {
    "$oid": "5fedc1ec01374e4830ad6f7d"
  },
  "year": "20",
  "mouth": "12",
  "day": "31",
  "hour": "15",
  "minute": "49",
  "second": "56",
  "content": "authentication complete from 127.0.0.1:40670 to server",
  "username": "MixTape",
  "workspace": "ws_autoMixTape"
},{
  "_id": {
    "$oid": "5fedc23d01374e4830ad6f7e"
  },
  "year": "20",
  "mouth": "12",
  "day": "31",
  "hour": "15",
  "minute": "51",
  "second": "17",
  "content": "authentication complete from 127.0.0.1:40706 to server",
  "username": "MixTape",
  "workspace": "ws_autoMixTape"
},{
  "_id": {
    "$oid": "5fedc2a843ec5e25d3a4733a"
  },
  "year": "20",
  "mouth": "12",
  "day": "31",
  "hour": "15",
  "minute": "53",
  "second": "04",
  "content": "authentication complete from 127.0.0.1:40736 to server",
  "username": "MixTape",
  "workspace": "ws_autoMixTape"
},{
  "_id": {
    "$oid": "5fedc4dd2a3973de5986ac73"
  },
  "year": "20",
  "mouth": "12",
  "day": "31",
  "hour": "16",
  "minute": "02",
  "second": "29",
  "content": "authentication complete from 127.0.0.1:40908 to server",
  "username": "MixTape",
  "workspace": "ws_autoMixTape"
},{
  "_id": {
    "$oid": "5fedc620e11706505924847d"
  },
  "year": "20",
  "mouth": "12",
  "day": "31",
  "hour": "16",
  "minute": "07",
  "second": "52",
  "content": "authentication complete from 127.0.0.1:40992 to server",
  "username": "MixTape",
  "workspace": "ws_autoMixTape"
},{
  "_id": {
    "$oid": "5fedc89fe117065059248482"
  },
  "year": "20",
  "mouth": "12",
  "day": "31",
  "hour": "16",
  "minute": "18",
  "second": "31",
  "content": "authentication complete from 127.0.0.1:41242 to server",
  "username": "MixTape",
  "workspace": "ws_autoMixTape"
},{
  "_id": {
    "$oid": "5fedcb393178b95cd9af3f14"
  },
  "year": "20",
  "mouth": "12",
  "day": "31",
  "hour": "16",
  "minute": "29",
  "second": "37",
  "content": "authentication complete from 127.0.0.1:41384 to server",
  "username": "MixTape",
  "workspace": "ws_autoMixTape"
},{
  "_id": {
    "$oid": "5fedcfbe6274c951447c0c68"
  },
  "year": "20",
  "mouth": "12",
  "day": "31",
  "hour": "16",
  "minute": "48",
  "second": "54",
  "content": "authentication complete from 127.0.0.1:41676 to server",
  "username": "MixTape",
  "workspace": "ws_autoMixTape"
},{
  "_id": {
    "$oid": "5fedcff06274c951447c0c69"
  },
  "year": "20",
  "mouth": "12",
  "day": "31",
  "hour": "16",
  "minute": "49",
  "second": "44",
  "content": "authentication complete from 127.0.0.1:41694 to server",
  "username": "MixTape",
  "workspace": "ws_autoMixTape"
},{
  "_id": {
    "$oid": "5feddbbf8cd06602e0a46671"
  },
  "year": "20",
  "mouth": "12",
  "day": "31",
  "hour": "17",
  "minute": "40",
  "second": "07",
  "content": "authentication complete from 127.0.0.1:42318 to server",
  "username": "MixTape",
  "workspace": "ws_autoMixTape"
},{
  "_id": {
    "$oid": "5feddc75839b7137d19a3607"
  },
  "year": "20",
  "mouth": "12",
  "day": "31",
  "hour": "17",
  "minute": "43",
  "second": "09",
  "content": "authentication complete from 127.0.0.1:42394 to server",
  "username": "MixTape",
  "workspace": "ws_autoMixTape"
},{
  "_id": {
    "$oid": "5fedde838c81e352422d090e"
  },
  "year": "20",
  "mouth": "12",
  "day": "31",
  "hour": "17",
  "minute": "51",
  "second": "55",
  "content": "authentication complete from 127.0.0.1:42534 to server",
  "username": "MixTape",
  "workspace": "ws_autoMixTape"
},{
  "_id": {
    "$oid": "5feddfddd6f67e5c46bdfa9c"
  },
  "year": "20",
  "mouth": "12",
  "day": "31",
  "hour": "17",
  "minute": "57",
  "second": "41",
  "content": "authentication complete from 127.0.0.1:42628 to server",
  "username": "MixTape",
  "workspace": "ws_autoMixTape"
},{
  "_id": {
    "$oid": "5fede095d6f67e5c46bdfa9d"
  },
  "year": "20",
  "mouth": "12",
  "day": "31",
  "hour": "18",
  "minute": "00",
  "second": "45",
  "content": "authentication complete from 127.0.0.1:42666 to server",
  "username": "MixTape",
  "workspace": "ws_autoMixTape"
},{
  "_id": {
    "$oid": "5fede0cad6f67e5c46bdfa9e"
  },
  "year": "20",
  "mouth": "12",
  "day": "31",
  "hour": "18",
  "minute": "01",
  "second": "38",
  "content": "authentication complete from 127.0.0.1:42684 to server",
  "username": "MixTape",
  "workspace": "ws_autoMixTape"
},{
  "_id": {
    "$oid": "5fede23a7af1870aa489c953"
  },
  "year": "20",
  "mouth": "12",
  "day": "31",
  "hour": "18",
  "minute": "07",
  "second": "46",
  "content": "authentication complete from 127.0.0.1:42760 to server",
  "username": "MixTape",
  "workspace": "ws_autoMixTape"
},{
  "_id": {
    "$oid": "5fede3a094326cb21f23377e"
  },
  "year": "20",
  "mouth": "12",
  "day": "31",
  "hour": "18",
  "minute": "13",
  "second": "44",
  "content": "authentication complete from 127.0.0.1:42864 to server",
  "username": "MixTape",
  "workspace": "ws_autoMixTape"
},{
  "_id": {
    "$oid": "5fede4d194326cb21f23377f"
  },
  "year": "20",
  "mouth": "12",
  "day": "31",
  "hour": "18",
  "minute": "18",
  "second": "49",
  "content": "authentication complete from 127.0.0.1:42950 to server",
  "username": "MixTape",
  "workspace": "ws_autoMixTape"
},{
  "_id": {
    "$oid": "5fede5d994326cb21f233780"
  },
  "year": "20",
  "mouth": "12",
  "day": "31",
  "hour": "18",
  "minute": "23",
  "second": "13",
  "content": "authentication complete from 127.0.0.1:43000 to server",
  "username": "MixTape",
  "workspace": "ws_autoMixTape"
},{
  "_id": {
    "$oid": "5fee0022a2b283180bf050eb"
  },
  "year": "20",
  "mouth": "12",
  "day": "31",
  "hour": "20",
  "minute": "15",
  "second": "22",
  "content": "authentication complete from 127.0.0.1:58870 to server",
  "username": "MixTape",
  "workspace": "ws_autoMixTape"
},{
  "_id": {
    "$oid": "5fee0897c81b4532d274ebce"
  },
  "year": "20",
  "mouth": "12",
  "day": "31",
  "hour": "20",
  "minute": "51",
  "second": "27",
  "content": "authentication failed from 127.0.0.1:59038 to server",
  "username": "MixTape",
  "workspace": "ws_autoMixTape"
},{
  "_id": {
    "$oid": "5fee08a6c81b4532d274ebcf"
  },
  "year": "20",
  "mouth": "12",
  "day": "31",
  "hour": "20",
  "minute": "51",
  "second": "42",
  "content": "authentication failed from 127.0.0.1:59044 to server",
  "username": "MixTape",
  "workspace": "ws_autoMixTape"
},{
  "_id": {
    "$oid": "5fee08a9c81b4532d274ebd0"
  },
  "year": "20",
  "mouth": "12",
  "day": "31",
  "hour": "20",
  "minute": "51",
  "second": "45",
  "content": "authentication failed from 127.0.0.1:59048 to server",
  "username": "MixTape",
  "workspace": "ws_autoMixTape"
},{
  "_id": {
    "$oid": "5fee08e85c3c4a0120c80644"
  },
  "year": "20",
  "mouth": "12",
  "day": "31",
  "hour": "20",
  "minute": "52",
  "second": "48",
  "content": "authentication failed from 127.0.0.1:59078 to server",
  "username": "MixTape",
  "workspace": "ws_autoMixTape"
},{
  "_id": {
    "$oid": "5fee096004b927a00af3c180"
  },
  "year": "20",
  "mouth": "12",
  "day": "31",
  "hour": "20",
  "minute": "54",
  "second": "48",
  "content": "authentication failed from 127.0.0.1:59094 to server",
  "username": "MixTape",
  "workspace": "ws_autoMixTape"
},{
  "_id": {
    "$oid": "5fee09fbd2a51200db2f9b83"
  },
  "year": "20",
  "mouth": "12",
  "day": "31",
  "hour": "20",
  "minute": "57",
  "second": "23",
  "content": "authentication complete from 127.0.0.1:59122 to server",
  "username": "MixTape",
  "workspace": "ws_autoMixTape"
},{
  "_id": {
    "$oid": "5fee0c3e114ae8b7602d5b84"
  },
  "year": "20",
  "mouth": "12",
  "day": "31",
  "hour": "21",
  "minute": "07",
  "second": "02",
  "content": "authentication complete from 127.0.0.1:47870 to server",
  "username": "MixTape",
  "workspace": "ws_autoMixTape"
},{
  "_id": {
    "$oid": "5fee0e2a114ae8b7602d5b8f"
  },
  "year": "20",
  "mouth": "12",
  "day": "31",
  "hour": "21",
  "minute": "15",
  "second": "14",
  "content": "authentication complete from 127.0.0.1:47906 to server",
  "username": "MixTape",
  "workspace": "ws_autoMixTape"
},{
  "_id": {
    "$oid": "5fee1070114ae8b7602d5baa"
  },
  "year": "20",
  "mouth": "12",
  "day": "31",
  "hour": "21",
  "minute": "24",
  "second": "56",
  "content": "authentication complete from 127.0.0.1:47976 to server",
  "username": "reza",
  "workspace": "ws_autoreza"
},{
  "_id": {
    "$oid": "5ff0334bed15040be4037505"
  },
  "year": "21",
  "mouth": "01",
  "day": "02",
  "hour": "12",
  "minute": "18",
  "second": "11",
  "content": "authentication complete from 127.0.0.1:55710 to server",
  "username": "MixTape",
  "workspace": "ws_autoMixTape"
},{
  "_id": {
    "$oid": "5ff033d0ed15040be4037506"
  },
  "year": "21",
  "mouth": "01",
  "day": "02",
  "hour": "12",
  "minute": "20",
  "second": "24",
  "content": "authentication complete from 127.0.0.1:55716 to server",
  "username": "reza",
  "workspace": "ws_autoreza"
},{
  "_id": {
    "$oid": "5ff034e1ed15040be403750e"
  },
  "year": "21",
  "mouth": "01",
  "day": "02",
  "hour": "12",
  "minute": "24",
  "second": "57",
  "content": "authentication complete from 127.0.0.1:55738 to server",
  "username": "reza",
  "workspace": "ws_autoreza"
},{
  "_id": {
    "$oid": "5ff0359c90d2b8dbd082a6b9"
  },
  "year": "21",
  "mouth": "01",
  "day": "02",
  "hour": "12",
  "minute": "28",
  "second": "04",
  "content": "authentication complete from 192.168.1.100:50250 to server",
  "username": "MixTape",
  "workspace": "ws_autoMixTape"
}]