[{
  "_id": {
    "$oid": "5fcd2a567db97953f642a8a0"
  },
  "script_name": "put-interface.py",
  "path": "/home/mehrdad/Documents/my-git/automation/automation_scripts/",
  "usability": "Set ip address on interface"
},{
  "_id": {
    "$oid": "5fcd2aa070f6676d2fa45cf5"
  },
  "script_name": "set-hostname.py",
  "path": "/home/mehrdad/Documents/my-git/automation/automation_scripts/",
  "usability": "Set hostname"
},{
  "_id": {
    "$oid": "5fcd2f0ee8ab3c0d4fae9da1"
  },
  "script_name": "set-eigrp.py",
  "path": "/home/mehrdad/Documents/my-git/automation/automation_scripts/",
  "usability": "Set eigrp configuration"
},{
  "_id": {
    "$oid": "5feca412aceaffe090ab5b64"
  },
  "script_name": "set-ntp.py",
  "path": "/home/mehrdad/Documents/my-git/automation/automation_scripts/",
  "usability": "Set ntp protocol"
},{
  "_id": {
    "$oid": "5fecc0e92e973245e33a6a4c"
  },
  "script_name": "hello.py",
  "path": "/home/mehrdad/Documents/my-git/automation/automation_scripts/",
  "usability": "hello"
},{
  "_id": {
    "$oid": "5fecc2bc20cee524bf9ea5a4"
  },
  "script_name": "get-interface.py",
  "path": "/home/mehrdad/Documents/my-git/automation/automation_scripts/",
  "usability": "Get interface information"
}]